session_id, project, pid, username, timestamp, type, data
dd24060c, "~/shiny_demo", 3599, "daveh", 1573990095822, prompt, "> "
dd24060c, "~/shiny_demo", 3599, "daveh", 1573990096402, error, "WARNING: Your CRAN mirror is set to ""http://localhost:5000/packages/cran/latest/"" which has an insecure (non-HTTPS) URL. You should either switch to a repository that supports HTTPS or change your RStudio options to not require HTTPS downloads.\n\nTo learn more and/or disable this warning message see the ""Use secure download method for HTTP"" option in Tools -> Global Options -> Packages.\n"
dd24060c, "~/welcome-to-rstudio", 3710, "daveh", 1573990235056, prompt, "> "
dd24060c, "~/quoterspro", 3873, "daveh", 1573997167843, prompt, "> "
dd24060c, "~/quoterspro", 3873, "daveh", 1573997184439, input, "source('~/quoterspro/plot_examples.R')"
dd24060c, "~/quoterspro", 3873, "daveh", 1573997184448, error, "Error in get_items(item = ""RSC"", n_users = n_users, api = api) %>% total_price() : \n  could not find function ""%>%""\n"
dd24060c, "~/quoterspro", 3873, "daveh", 1573997184487, prompt, "> "
dd24060c, "~/quoterspro", 3873, "daveh", 1573997203927, input, "source('~/quoterspro/plot_examples.R')"
dd24060c, "~/quoterspro", 3873, "daveh", 1573997203931, error, "Error in library(tidyverse) : there is no package called â€˜tidyverseâ€™\n"
dd24060c, "~/quoterspro", 3873, "daveh", 1573997203991, prompt, "> "
dd24060c, "~/quoterspro", 3873, "daveh", 1573997221924, input, "install.packages(""tidyverse"")"
dd24060c, "~/quoterspro", 3873, "daveh", 1573997224228, output, "Warning in install.packages :\n  unable to access index for repository http://localhost:5000/packages/internal/latest/src/contrib:\n  cannot open URL 'http://localhost:5000/packages/internal/latest/src/contrib/PACKAGES'\n"
dd24060c, "~/quoterspro", 3873, "daveh", 1573997224685, error, "Installing package into â€˜/home/daveh/R/x86_64-pc-linux-gnu-library/3.4â€™\n(as â€˜libâ€™ is unspecified)\n"
dd24060c, "~/quoterspro", 3873, "daveh", 1573997225146, output, "Warning in install.packages :\n  unable to access index for repository http://localhost:5000/packages/internal/latest/src/contrib:\n  cannot open URL 'http://localhost:5000/packages/internal/latest/src/contrib/PACKAGES'\n"
dd24060c, "~/quoterspro", 3873, "daveh", 1573997225519, error, "also installing the dependencies â€˜colorspaceâ€™, â€˜plyrâ€™, â€˜labelingâ€™, â€˜munsellâ€™, â€˜RColorBrewerâ€™, â€˜zeallotâ€™, â€˜rematchâ€™, â€˜prettyunitsâ€™, â€˜utf8â€™, â€˜backportsâ€™, â€˜genericsâ€™, â€˜reshape2â€™, â€˜assertthatâ€™, â€˜pkgconfigâ€™, â€˜rlangâ€™, â€˜tidyselectâ€™, â€˜plogrâ€™, â€˜DBIâ€™, â€˜ellipsisâ€™, â€˜gtableâ€™, â€˜lazyevalâ€™, â€˜scalesâ€™, â€˜viridisLiteâ€™, â€˜vctrsâ€™, â€˜curlâ€™, â€˜cellrangerâ€™, â€˜progressâ€™, â€˜selectrâ€™, â€˜fansiâ€™, â€˜pillarâ€™, â€˜lifecycleâ€™, â€˜broomâ€™, â€˜cliâ€™, â€˜dplyrâ€™, â€˜dbplyrâ€™, â€˜forcatsâ€™, â€˜ggplot2â€™, â€˜havenâ€™, â€˜hmsâ€™, â€˜httrâ€™, â€˜lubridateâ€™, â€˜modelrâ€™, â€˜purrrâ€™, â€˜readrâ€™, â€˜readxlâ€™, â€˜rvestâ€™, â€˜tibbleâ€™, â€˜tidyrâ€™, â€˜xml2â€™\n\ntrying URL 'https://demo.rstudiopm.com/all/__linux__/bionic/latest/src/contrib/colorspace_1.4-1.tar.gz'\nContent type 'application/x-gzip' length 2338161 bytes (2.2 MB)\n==================================================\ndownloaded 2.2 MB\n\ntrying URL 'https://demo.rstudiopm.com/all/__linux__/bionic/latest/src/contrib/plyr_1.8.4.tar.gz'\nContent type 'application/x-gzip' length 943191 bytes (921 KB)\n==================================================\ndownloaded 921 KB\n\ntrying URL 'https://demo.rstudiopm.com/all/__linux__/bionic/latest/src/contrib/labeling_0.3.tar.gz'\nContent type 'application/x-gzip' length 38657 bytes (37 KB)\n==================================================\ndownloaded 37 KB\n\ntrying URL 'https://demo.rstudiopm.com/all/__linux__/bionic/latest/src/contrib/munsell_0.5.0.tar.gz'\nContent type 'application/x-gzip' length 216916 bytes (211 KB)\n==================================================\ndownloaded 211 KB\n\ntrying URL 'https://demo.rstudiopm.com/all/__linux__/bionic/latest/src/contrib/RColorBrewer_1.1-2.tar.gz'\nContent type 'application/x-gzip' length 24041 bytes (23 KB)\n==================================================\ndownloaded 23 KB\n\ntrying URL 'https://demo.rstudiopm.com/all/__linux__/bionic/latest/src/contrib/zeallot_0.1.0.tar.gz'\nContent type 'application/x-gzip' length 43290 bytes (42 KB)\n==================================================\ndownloaded 42 KB\n\ntrying URL 'https://demo.rstudiopm.com/all/__linux__/bionic/latest/src/contrib/rematch_1.0.1.tar.gz'\nContent type 'application/x-gzip' length 10591 bytes (10 KB)\n==================================================\ndownloaded 10 KB\n\ntrying URL 'https://demo.rstudiopm.com/all/__linux__/bionic/latest/src/contrib/prettyunits_1.0.2.tar.gz'\nContent type 'application/x-gzip' length 23255 bytes (22 KB)\n==================================================\ndownloaded 22 KB\n\ntrying URL 'https://demo.rstudiopm.com/all/__linux__/bionic/latest/src/contrib/utf8_1.1.4.tar.gz'\nContent type 'application/x-gzip' length 198518 bytes (193 KB)\n==================================================\ndownloaded 193 KB\n\ntrying URL 'https://demo.rstudiopm.com/all/__linux__/bionic/latest/src/contrib/backports_1.1.5.tar.gz'\nContent type 'application/x-gzip' length 58005 bytes (56 KB)\n==================================================\ndownloaded 56 KB\n\ntrying URL 'https://demo.rstudiopm.com/all/__linux__/bionic/latest/src/contrib/generics_0.0.2.tar.gz'\nContent type 'application/x-gzip' length 52866 bytes (51 KB)\n==================================================\ndownloaded 51 KB\n\n\n"
dd24060c, "~/quoterspro", 3873, "daveh", 1573997243383, prompt, "> "
dd24060c, "~/quoterspro", 3991, "daveh", 1573997249121, prompt, "> "
dd24060c, "~/quoterspro", 3991, "daveh", 1573997253023, input, "source('~/quoterspro/plot_examples.R')"
dd24060c, "~/quoterspro", 3991, "daveh", 1573997253026, error, "Error in library(tidyverse) : there is no package called â€˜tidyverseâ€™\n"
dd24060c, "~/quoterspro", 3991, "daveh", 1573997253069, prompt, "> "
dd24060c, "~/quoterspro", 3991, "daveh", 1573997258818, input, "install.packages(""tidyverse"")"
dd24060c, "~/quoterspro", 3991, "daveh", 1573997262431, output, "Warning in install.packages :\n  unable to access index for repository http://localhost:5000/packages/internal/latest/src/contrib:\n  cannot open URL 'http://localhost:5000/packages/internal/latest/src/contrib/PACKAGES'\n"
dd24060c, "~/quoterspro", 3991, "daveh", 1573997262848, error, "Installing package into â€˜/home/daveh/R/x86_64-pc-linux-gnu-library/3.5â€™\n(as â€˜libâ€™ is unspecified)\n"
dd24060c, "~/quoterspro", 3991, "daveh", 1573997263249, output, "Warning in install.packages :\n  unable to access index for repository http://localhost:5000/packages/internal/latest/src/contrib:\n  cannot open URL 'http://localhost:5000/packages/internal/latest/src/contrib/PACKAGES'\n"
dd24060c, "~/quoterspro", 3991, "daveh", 1573997263645, error, "also installing the dependencies â€˜colorspaceâ€™, â€˜sysâ€™, â€˜psâ€™, â€˜highrâ€™, â€˜markdownâ€™, â€˜plyrâ€™, â€˜labelingâ€™, â€˜munsellâ€™, â€˜RColorBrewerâ€™, â€˜zeallotâ€™, â€˜askpassâ€™, â€˜rematchâ€™, â€˜prettyunitsâ€™, â€˜processxâ€™, â€˜knitrâ€™, â€˜yamlâ€™, â€˜evaluateâ€™, â€˜base64encâ€™, â€˜tinytexâ€™, â€˜xfunâ€™, â€˜utf8â€™, â€˜backportsâ€™, â€˜genericsâ€™, â€˜reshape2â€™, â€˜assertthatâ€™, â€˜glueâ€™, â€˜pkgconfigâ€™, â€˜rlangâ€™, â€˜tidyselectâ€™, â€˜plogrâ€™, â€˜DBIâ€™, â€˜ellipsisâ€™, â€˜gtableâ€™, â€˜lazyevalâ€™, â€˜scalesâ€™, â€˜viridisLiteâ€™, â€˜withrâ€™, â€˜vctrsâ€™, â€˜curlâ€™, â€˜opensslâ€™, â€˜cliprâ€™, â€˜cellrangerâ€™, â€˜progressâ€™, â€˜callrâ€™, â€˜fsâ€™, â€˜rmarkdownâ€™, â€˜whiskerâ€™, â€˜selectrâ€™, â€˜stringiâ€™, â€˜fansiâ€™, â€˜pillarâ€™, â€˜lifecycleâ€™, â€˜broomâ€™, â€˜cliâ€™, â€˜dplyrâ€™, â€˜dbplyrâ€™, â€˜forcatsâ€™, â€˜ggplot2â€™, â€˜havenâ€™, â€˜hmsâ€™, â€˜httrâ€™, â€˜lubridateâ€™, â€˜modelrâ€™, â€˜purrrâ€™, â€˜readrâ€™, â€˜readxlâ€™, â€˜reprexâ€™, â€˜rstudioapiâ€™, â€˜rvestâ€™, â€˜stringrâ€™, â€˜tibbleâ€™, â€˜tidyrâ€™, â€˜xml2â€™\n\ntrying URL 'https://demo.rstudiopm.com/all/__linux__/bionic/latest/src/contrib/colorspace_1.4-1.tar.gz'\nContent type 'application/x-gzip' length 2513103 bytes (2.4 MB)\n==================================================\ndownloaded 2.4 MB\n\ntrying URL 'https://demo.rstudiopm.com/all/__linux__/bionic/latest/src/contrib/sys_3.3.tar.gz'\nContent type 'application/x-gzip' length 53180 bytes (51 KB)\n==================================================\ndownloaded 51 KB\n\ntrying URL 'https://demo.rstudiopm.com/all/__linux__/bionic/latest/src/contrib/ps_1.3.0.tar.gz'\nContent type 'application/x-gzip' length 262921 bytes (256 KB)\n==================================================\ndownloaded 256 KB\n\ntrying URL 'https://demo.rstudiopm.com/all/__linux__/bionic/latest/src/contrib/highr_0.8.tar.gz'\nContent type 'application/x-gzip' length 40723 bytes (39 KB)\n==================================================\ndownloaded 39 KB\n\ntrying URL 'https://demo.rstudiopm.com/all/__linux__/bionic/latest/src/contrib/markdown_1.1.tar.gz'\nContent type 'application/x-gzip' length 215343 bytes (210 KB)\n==================================================\ndownloaded 210 KB\n\ntrying URL 'https://demo.rstudiopm.com/all/__linux__/bionic/latest/src/contrib/plyr_1.8.4.tar.gz'\nContent type 'application/x-gzip' length 1027129 bytes (1003 KB)\n==================================================\ndownloaded 1003 KB\n\ntrying URL 'https://demo.rstudiopm.com/all/__linux__/bionic/latest/src/contrib/labeling_0.3.tar.gz'\nContent type 'application/x-gzip' length 59412 bytes (58 KB)\n==================================================\ndownloaded 58 KB\n\ntrying URL 'https://demo.rstudiopm.com/all/__linux__/bionic/latest/src/contrib/munsell_0.5.0.tar.gz'\nContent type 'application/x-gzip' length 240859 bytes (235 KB)\n==================================================\ndownloaded 235 KB\n\ntrying URL 'https://demo.rstudiopm.com/all/__linux__/bionic/latest/src/contrib/RColorBrewer_1.1-2.tar.gz'\nContent type 'application/x-gzip' length 52693 bytes (51 KB)\n==================================================\ndownloaded 51 KB\n\ntrying URL 'https://demo.rstudiopm.com/all/__linux__/bionic/latest/src/contrib/zeallot_0.1.0.tar.gz'\nContent type 'application/x-gzip' length 57870 bytes (56 KB)\n==================================================\ndownloaded 56 KB\n\ntrying URL 'https://demo.rstudiopm.com/all/__linux__/bionic/latest/src/contrib/askpass_1.1.tar.gz'\nContent type 'application/x-gzip' length 23270 bytes (22 KB)\n==================================================\ndownloaded 22 KB\n\ntrying URL 'https://demo.rstudiopm.com/all/__linux__/bionic/latest/src/contrib/rematch_1.0.1.tar.gz'\nContent type 'application/x-gzip' length 12028 bytes (11 KB)\n==================================================\ndownloaded 11 KB\n\ntrying URL 'https://demo.rstudiopm.com/all/__linux__/bionic/latest/src/contrib/prettyunits_1.0.2.tar.gz'\nContent type 'application/x-gzip' length 28972 bytes (28 KB)\n==================================================\ndownloaded 28 KB\n\ntrying URL 'https://demo.rstudiopm.com/all/__linux__/bionic/latest/src/contrib/processx_3.4.1.tar.gz'\nContent type 'application/x-gzip' length 327073 bytes (319 KB)\n==================================================\ndownloaded 319 KB\n\ntrying URL 'https://demo.rstudiopm.com/all/__linux__/bionic/latest/src/contrib/knitr_1.26.tar.gz'\nContent type 'application/x-gzip' length 1375837 bytes (1.3 MB)\n==================================================\ndownloaded 1.3 MB\n\ntrying URL 'https://demo.rstudiopm.com/all/__linux__/bionic/latest/src/contrib/yaml_2.2.0.tar.gz'\nContent type 'application/x-gzip' length 244160 bytes (238 KB)\n==================================================\ndownloaded 238 KB\n\ntrying URL 'https://demo.rstudiopm.com/all/__linux__/bionic/latest/src/contrib/evaluate_0.14.tar.gz'\nContent type 'application/x-gzip' length 73514 bytes (71 KB)\n==================================================\ndownloaded 71 KB\n\ntrying URL 'https://demo.rstudiopm.com/all/__linux__/bionic/latest/src/contrib/base64enc_0.1-3.tar.gz'\nContent type 'application/x-gzip' length 36857 bytes (35 KB)\n==================================================\ndownloaded 35 KB\n\ntrying URL 'https://demo.rstudiopm.com/all/__linux__/bionic/latest/src/contrib/tinytex_0.17.tar.gz'\nContent type 'application/x-gzip' length 96665 bytes (94 KB)\n==================================================\ndownloaded 94 KB\n\ntrying URL 'https://demo.rstudiopm.com/all/__linux__/bionic/latest/src/contrib/xfun_0.11.tar.gz'\nContent type 'application/x-gzip' length 170478 bytes (166 KB)\n==================================================\ndownloaded 166 KB\n\ntrying URL 'https://demo.rstudiopm.com/all/__linux__/bionic/latest/src/contrib/utf8_1.1.4.tar.gz'\nContent type 'application/x-gzip' length 221078 bytes (215 KB)\n==================================================\ndownloaded 215 KB\n\ntrying URL 'https://demo.rstudiopm.com/all/__linux__/bionic/latest/src/contrib/backports_1.1.5.tar.gz'\nContent type 'application/x-gzip' length 57839 bytes (56 KB)\n==================================================\ndownloaded 56 KB\n\ntrying URL 'https://demo.rstudiopm.com/all/__linux__/bionic/latest/src/contrib/generics_0.0.2.tar.gz'\nContent type 'application/x-gzip' length 61882 bytes (60 KB)\n==================================================\ndownloaded 60 KB\n\ntrying URL 'https://demo.rstudiopm.com/all/__linux__/bionic/latest/src/contrib/reshape2_1.4.3.tar.gz'\nContent type 'application/x-gzip' length 429736 bytes (419 KB)\n==================================================\ndownloaded 419 KB\n\ntrying URL 'https://demo.rstudiopm.com/all/__linux__/bionic/latest/src/contrib/assertthat_0.2.1.tar.gz'\nContent type 'application/x-gzip' length 51509 bytes (50 KB)\n==================================================\ndownloaded 50 KB\n\ntrying URL 'https://demo.rstudiopm.com/all/__linux__/bionic/latest/src/contrib/glue_1.3.1.tar.gz'\nContent type 'application/x-gzip' length 166081 bytes (162 KB)\n==================================================\ndownloaded 162 KB\n\ntrying URL 'https://demo.rstudiopm.com/all/__linux__/bionic/latest/src/contrib/pkgconfig_2.0.3.tar.gz'\nContent type 'application/x-gzip' length 17466 bytes (17 KB)\n==================================================\ndownloaded 17 KB\n\ntrying URL 'https://demo.rstudiopm.com/all/__linux__/bionic/latest/src/contrib/rlang_0.4.1.tar.gz'\nContent type 'application/x-gzip' length 1157434 bytes (1.1 MB)\n==================================================\ndownloaded 1.1 MB\n\ntrying URL 'https://demo.rstudiopm.com/all/__linux__/bionic/latest/src/contrib/tidyselect_0.2.5.tar.gz'\nContent type 'application/x-gzip' length 421446 bytes (411 KB)\n==================================================\ndownloaded 411 KB\n\ntrying URL 'https://demo.rstudiopm.com/all/__linux__/bionic/latest/src/contrib/plogr_0.2.0.tar.gz'\nContent type 'application/x-gzip' length 12617 bytes (12 KB)\n==================================================\ndownloaded 12 KB\n\ntrying URL 'https://demo.rstudiopm.com/all/__linux__/bionic/latest/src/contrib/DBI_1.0.0.tar.gz'\nContent type 'application/x-gzip' length 878164 bytes (857 KB)\n==================================================\ndownloaded 857 KB\n\ntrying URL 'https://demo.rstudiopm.com/all/__linux__/bionic/latest/src/contrib/ellipsis_0.3.0.tar.gz'\nContent type 'application/x-gzip' length 35679 bytes (34 KB)\n==================================================\ndownloaded 34 KB\n\ntrying URL 'https://demo.rstudiopm.com/all/__linux__/bionic/latest/src/contrib/gtable_0.3.0.tar.gz'\nContent type 'application/x-gzip' length 430096 bytes (420 KB)\n==================================================\ndownloaded 420 KB\n\ntrying URL 'https://demo.rstudiopm.com/all/__linux__/bionic/latest/src/contrib/lazyeval_0.2.2.tar.gz'\nContent type 'application/x-gzip' length 162153 bytes (158 KB)\n==================================================\ndownloaded 158 KB\n\ntrying URL 'https://demo.rstudiopm.com/all/__linux__/bionic/latest/src/contrib/scales_1.0.0.tar.gz'\nContent type 'application/x-gzip' length 819694 bytes (800 KB)\n==================================================\ndownloaded 800 KB\n\ntrying URL 'https://demo.rstudiopm.com/all/__linux__/bionic/latest/src/contrib/viridisLite_0.3.0.tar.gz'\nContent type 'application/x-gzip' length 56980 bytes (55 KB)\n==================================================\ndownloaded 55 KB\n\ntrying URL 'https://demo.rstudiopm.com/all/__linux__/bionic/latest/src/contrib/withr_2.1.2.tar.gz'\nContent type 'application/x-gzip' length 148654 bytes (145 KB)\n==================================================\ndownloaded 145 KB\n\ntrying URL 'https://demo.rstudiopm.com/all/__linux__/bionic/latest/src/contrib/vctrs_0.2.0.tar.gz'\nContent type 'application/x-gzip' length 881606 bytes (860 KB)\n==================================================\ndownloaded 860 KB\n\ntrying URL 'https://demo.rstudiopm.com/all/__linux__/bionic/latest/src/contrib/curl_4.2.tar.gz'\nContent type 'application/x-gzip' length 769933 bytes (751 KB)\n==================================================\ndownloaded 751 KB\n\ntrying URL 'https://demo.rstudiopm.com/all/__linux__/bionic/latest/src/contrib/openssl_1.4.1.tar.gz'\nContent type 'application/x-gzip' length 1370342 bytes (1.3 MB)\n==================================================\ndownloaded 1.3 MB\n\ntrying URL 'https://demo.rstudiopm.com/all/__linux__/bionic/latest/src/contrib/clipr_0.7.0.tar.gz'\nContent type 'application/x-gzip' length 46738 bytes (45 KB)\n==================================================\ndownloaded 45 KB\n\ntrying URL 'https://demo.rstudiopm.com/all/__linux__/bionic/latest/src/contrib/cellranger_1.1.0.tar.gz'\nContent type 'application/x-gzip' length 100742 bytes (98 KB)\n==================================================\ndownloaded 98 KB\n\ntrying URL 'https://demo.rstudiopm.com/all/__linux__/bionic/latest/src/contrib/progress_1.2.2.tar.gz'\nContent type 'application/x-gzip' length 80446 bytes (78 KB)\n==================================================\ndownloaded 78 KB\n\ntrying URL 'https://demo.rstudiopm.com/all/__linux__/bionic/latest/src/contrib/callr_3.3.2.tar.gz'\nContent type 'application/x-gzip' length 337116 bytes (329 KB)\n==================================================\ndownloaded 329 KB\n\ntrying URL 'https://demo.rstudiopm.com/all/__linux__/bionic/latest/src/contrib/fs_1.3.1.tar.gz'\nContent type 'application/x-gzip' length 1176178 bytes (1.1 MB)\n==================================================\ndownloaded 1.1 MB\n\ntrying URL 'https://demo.rstudiopm.com/all/__linux__/bionic/latest/src/contrib/rmarkdown_1.17.tar.gz'\nContent type 'application/x-gzip' length 3556322 bytes (3.4 MB)\n==================================================\ndownloaded 3.4 MB\n\ntrying URL 'https://demo.rstudiopm.com/all/__linux__/bionic/latest/src/contrib/whisker_0.4.tar.gz'\nContent type 'application/x-gzip' length 65340 bytes (63 KB)\n==================================================\ndownloaded 63 KB\n\ntrying URL 'https://demo.rstudiopm.com/all/__linux__/bionic/latest/src/contrib/selectr_0.4-1.tar.gz'\nContent type 'application/x-gzip' length 488380 bytes (476 KB)\n==================================================\ndownloaded 476 KB\n\ntrying URL 'https://demo.rstudiopm.com/all/__linux__/bionic/latest/src/contrib/stringi_1.4.3.tar.gz'\nContent type 'application/x-gzip' length 2464441 bytes (2.4 MB)\n==================================================\ndownloaded 2.4 MB\n\ntrying URL 'https://demo.rstudiopm.com/all/__linux__/bionic/latest/src/contrib/fansi_0.4.0.tar.gz'\nContent type 'application/x-gzip' length 233936 bytes (228 KB)\n==================================================\ndownloaded 228 KB\n\ntrying URL 'https://demo.rstudiopm.com/all/__linux__/bionic/latest/src/contrib/pillar_1.4.2.tar.gz'\nContent type 'application/x-gzip' length 174553 bytes (170 KB)\n==================================================\ndownloaded 170 KB\n\ntrying URL 'https://demo.rstudiopm.com/all/__linux__/bionic/latest/src/contrib/lifecycle_0.1.0.tar.gz'\nContent type 'application/x-gzip' length 77338 bytes (75 KB)\n==================================================\ndownloaded 75 KB\n\ntrying URL 'https://demo.rstudiopm.com/all/__linux__/bionic/latest/src/contrib/broom_0.5.2.tar.gz'\nContent type 'application/x-gzip' length 1979371 bytes (1.9 MB)\n==================================================\ndownloaded 1.9 MB\n\ntrying URL 'https://demo.rstudiopm.com/all/__linux__/bionic/latest/src/contrib/cli_1.1.0.tar.gz'\nContent type 'application/x-gzip' length 169564 bytes (165 KB)\n==================================================\ndownloaded 165 KB\n\ntrying URL 'https://demo.rstudiopm.com/all/__linux__/bionic/latest/src/contrib/dplyr_0.8.3.tar.gz'\nContent type 'application/x-gzip' length 9565836 bytes (9.1 MB)\n==================================================\ndownloaded 9.1 MB\n\ntrying URL 'https://demo.rstudiopm.com/all/__linux__/bionic/latest/src/contrib/dbplyr_1.4.2.tar.gz'\nContent type 'application/x-gzip' length 571496 bytes (558 KB)\n==================================================\ndownloaded 558 KB\n\ntrying URL 'https://demo.rstudiopm.com/all/__linux__/bionic/latest/src/contrib/forcats_0.4.0.tar.gz'\nContent type 'application/x-gzip' length 342559 bytes (334 KB)\n==================================================\ndownloaded 334 KB\n\ntrying URL 'https://demo.rstudiopm.com/all/__linux__/bionic/latest/src/contrib/ggplot2_3.2.1.tar.gz'\nContent type 'application/x-gzip' length 3957784 bytes (3.8 MB)\n==================================================\ndownloaded 3.8 MB\n\ntrying URL 'https://demo.rstudiopm.com/all/__linux__/bionic/latest/src/contrib/haven_2.2.0.tar.gz'\nContent type 'application/x-gzip' length 1314975 bytes (1.3 MB)\n==================================================\ndownloaded 1.3 MB\n\ntrying URL 'https://demo.rstudiopm.com/all/__linux__/bionic/latest/src/contrib/hms_0.5.2.tar.gz'\nContent type 'application/x-gzip' length 103724 bytes (101 KB)\n==================================================\ndownloaded 101 KB\n\ntrying URL 'https://demo.rstudiopm.com/all/__linux__/bionic/latest/src/contrib/httr_1.4.1.tar.gz'\nContent type 'application/x-gzip' length 489389 bytes (477 KB)\n==================================================\ndownloaded 477 KB\n\ntrying URL 'https://demo.rstudiopm.com/all/__linux__/bionic/latest/src/contrib/lubridate_1.7.4.tar.gz'\nContent type 'application/x-gzip' length 1697415 bytes (1.6 MB)\n==================================================\ndownloaded 1.6 MB\n\ntrying URL 'https://demo.rstudiopm.com/all/__linux__/bionic/latest/src/contrib/modelr_0.1.5.tar.gz'\nContent type 'application/x-gzip' length 197484 bytes (192 KB)\n==================================================\ndownloaded 192 KB\n\ntrying URL 'https://demo.rstudiopm.com/all/__linux__/bionic/latest/src/contrib/purrr_0.3.3.tar.gz'\nContent type 'application/x-gzip' length 424475 bytes (414 KB)\n==================================================\ndownloaded 414 KB\n\ntrying URL 'https://demo.rstudiopm.com/all/__linux__/bionic/latest/src/contrib/readr_1.3.1.tar.gz'\nContent type 'application/x-gzip' length 4869102 bytes (4.6 MB)\n==================================================\ndownloaded 4.6 MB\n\ntrying URL 'https://demo.rstudiopm.com/all/__linux__/bionic/latest/src/contrib/readxl_1.3.1.tar.gz'\nContent type 'application/x-gzip' length 2212699 bytes (2.1 MB)\n==================================================\ndownloaded 2.1 MB\n\ntrying URL 'https://demo.rstudiopm.com/all/__linux__/bionic/latest/src/contrib/reprex_0.3.0.tar.gz'\nContent type 'application/x-gzip' length 424967 bytes (415 KB)\n==================================================\ndownloaded 415 KB\n\ntrying URL 'https://demo.rstudiopm.com/all/__linux__/bionic/latest/src/contrib/rstudioapi_0.10.tar.gz'\nContent type 'application/x-gzip' length 206654 bytes (201 KB)\n==================================================\ndownloaded 201 KB\n\ntrying URL 'https://demo.rstudiopm.com/all/__linux__/bionic/latest/src/contrib/rvest_0.3.5.tar.gz'\nContent type 'application/x-gzip' length 660124 bytes (644 KB)\n==================================================\ndownloaded 644 KB\n\ntrying URL 'https://demo.rstudiopm.com/all/__linux__/bionic/latest/src/contrib/stringr_1.4.0.tar.gz'\nContent type 'application/x-gzip' length 204815 bytes (200 KB)\n==================================================\ndownloaded 200 KB\n\ntrying URL 'https://demo.rstudiopm.com/all/__linux__/bionic/latest/src/contrib/tibble_2.1.3.tar.gz'\nContent type 'application/x-gzip' length 321157 bytes (313 KB)\n==================================================\ndownloaded 313 KB\n\ntrying URL 'https://demo.rstudiopm.com/all/__linux__/bionic/latest/src/contrib/tidyr_1.0.0.tar.gz'\nContent type 'application/x-gzip' length 1290351 bytes (1.2 MB)\n==================================================\ndownloaded 1.2 MB\n\ntrying URL 'https://demo.rstudiopm.com/all/__linux__/bionic/latest/src/contrib/xml2_1.2.2.tar.gz'\nContent type 'application/x-gzip' length 1696955 bytes (1.6 MB)\n==================================================\ndownloaded 1.6 MB\n\ntrying URL 'https://demo.rstudiopm.com/all/__linux__/bionic/latest/src/contrib/tidyverse_1.2.1.tar.gz'\nContent type 'application/x-gzip' length 88802 bytes (86 KB)\n==================================================\ndownloaded 86 KB\n\n* installing *binary* package â€˜colorspaceâ€™ ...\n* DONE (colorspace)\n* installing *binary* package â€˜sysâ€™ ...\n* DONE (sys)\n* installing *binary* package â€˜psâ€™ ...\n* DONE (ps)\n* installing *binary* package â€˜highrâ€™ ...\n* DONE (highr)\n* installing *binary* package â€˜plyrâ€™ ...\n* DONE (plyr)\n* installing *binary* package â€˜labelingâ€™ ...\n* DONE (labeling)\n* installing *binary* package â€˜RColorBrewerâ€™ ...\n* DONE (RColorBrewer)\n* installing *binary* package â€˜zeallotâ€™ ...\n* DONE (zeallot)\n* installing *binary* package â€˜rematchâ€™ ...\n* DONE (rematch)\n* installing *binary* package â€˜yamlâ€™ ...\n* DONE (yaml)\n* installing *binary* package â€˜evaluateâ€™ ...\n* DONE (evaluate)\n* installing *binary* package â€˜base64encâ€™ ...\n* DONE (base64enc)\n* installing *binary* package â€˜xfunâ€™ ...\n* DONE (xfun)\n* installing *binary* package â€˜utf8â€™ ...\n* DONE (utf8)\n* installing *binary* package â€˜backportsâ€™ ...\n* DONE (backports)\n* installing *binary* package â€˜genericsâ€™ ...\n* DONE (generics)\n* installing *binary* package â€˜assertthatâ€™ ...\n* DONE (assertthat)\n* installing *binary* package â€˜glueâ€™ ...\n* DONE (glue)\n* installing *binary* package â€˜pkgconfigâ€™ ...\n* DONE (pkgconfig)\n* installing *binary* package â€˜rlangâ€™ ...\n* DONE (rlang)\n* installing *binary* package â€˜plogrâ€™ ...\n* DONE (plogr)\n* installing *binary* package â€˜DBIâ€™ ...\n* DONE (DBI)\n* installing *binary* package â€˜gtableâ€™ ...\n* DONE (gtable)\n* installing *binary* package â€˜lazyevalâ€™ ...\n* DONE (lazyeval)\n* installing *binary* package â€˜viridisLiteâ€™ ...\n* DONE (viridisLite)\n* installing *binary* package â€˜withrâ€™ ...\n* DONE (withr)\n* installing *binary* package â€˜curlâ€™ ...\n* DONE (curl)\n* installing *binary* package â€˜cliprâ€™ ...\n* DONE (clipr)\n* installing *binary* package â€˜fsâ€™ ...\n* DONE (fs)\n* installing *binary* package â€˜whiskerâ€™ ...\n* DONE (whisker)\n* installing *binary* package â€˜stringiâ€™ ...\n* DONE (stringi)\n* installing *binary* package â€˜fansiâ€™ ...\n* DONE (fansi)\n* installing *binary* package â€˜rstudioapiâ€™ ...\n* DONE (rstudioapi)\n* installing *binary* package â€˜xml2â€™ ...\n* DONE (xml2)\n* installing *binary* package â€˜markdownâ€™ ...\n* DONE (markdown)\n* installing *binary* package â€˜munsellâ€™ ...\n* DONE (munsell)\n* installing *binary* package â€˜askpassâ€™ ...\n* DONE (askpass)\n* installing *binary* package â€˜prettyunitsâ€™ ...\n* DONE (prettyunits)\n* installing *binary* package â€˜processxâ€™ ...\n* DONE (processx)\n* installing *binary* package â€˜tinytexâ€™ ...\n* DONE (tinytex)\n* installing *binary* package â€˜ellipsisâ€™ ...\n* DONE (ellipsis)\n* installing *binary* package â€˜lifecycleâ€™ ...\n* DONE (lifecycle)\n* installing *binary* package â€˜cliâ€™ ...\n* DONE (cli)\n* installing *binary* package â€˜purrrâ€™ ...\n* DONE (purrr)\n* installing *binary* package â€˜stringrâ€™ ...\n* DONE (stringr)\n* installing *binary* package â€˜knitrâ€™ ...\n* DONE (knitr)\n* installing *binary* package â€˜reshape2â€™ ...\n* DONE (reshape2)\n* installing *binary* package â€˜tidyselectâ€™ ...\n* DONE (tidyselect)\n* installing *binary* package â€˜scalesâ€™ ...\n* DONE (scales)\n* installing *binary* package â€˜vctrsâ€™ ...\n* DONE (vctrs)\n* installing *binary* package â€˜opensslâ€™ ...\n* DONE (openssl)\n* installing *binary* package â€˜callrâ€™ ...\n* DONE (callr)\n* installing *binary* package â€˜selectrâ€™ ...\n* DONE (selectr)\n* installing *binary* package â€˜lubridateâ€™ ...\n* DONE (lubridate)\n* installing *binary* package â€˜rmarkdownâ€™ ...\n* DONE (rmarkdown)\n* installing *binary* package â€˜pillarâ€™ ...\n* DONE (pillar)\n* installing *binary* package â€˜hmsâ€™ ...\n* DONE (hms)\n* installing *binary* package â€˜httrâ€™ ...\n* DONE (httr)\n* installing *binary* package â€˜progressâ€™ ...\n* DONE (progress)\n* installing *binary* package â€˜reprexâ€™ ...\n* DONE (reprex)\n* installing *binary* package â€˜rvestâ€™ ...\n* DONE (rvest)\n* installing *binary* package â€˜tibbleâ€™ ...\n* DONE (tibble)\n* installing *binary* package â€˜cellrangerâ€™ ...\n* DONE (cellranger)\n* installing *binary* package â€˜dplyrâ€™ ...\n* DONE (dplyr)\n* installing *binary* package â€˜forcatsâ€™ ...\n* DONE (forcats)\n* installing *binary* package â€˜ggplot2â€™ ...\n* DONE (ggplot2)\n* installing *binary* package â€˜readrâ€™ ...\n* DONE (readr)\n* installing *binary* package â€˜dbplyrâ€™ ...\n* DONE (dbplyr)\n* installing *binary* package â€˜havenâ€™ ...\n* DONE (haven)\n* installing *binary* package â€˜readxlâ€™ ...\n* DONE (readxl)\n* installing *binary* package â€˜tidyrâ€™ ...\n* DONE (tidyr)\n* installing *binary* package â€˜broomâ€™ ...\n* DONE (broom)\n* installing *binary* package â€˜modelrâ€™ ...\n* DONE (modelr)\n* installing *binary* package â€˜tidyverseâ€™ ...\n* DONE (tidyverse)\n\nThe downloaded source packages are in\n	â€˜/tmp/RtmpZyZOwN/downloaded_packagesâ€™\n"
dd24060c, "~/quoterspro", 3991, "daveh", 1573997435567, prompt, "> "
dd24060c, "~/quoterspro", 3991, "daveh", 1573997443486, input, "source('~/quoterspro/plot_examples.R')"
dd24060c, "~/quoterspro", 3991, "daveh", 1573997444669, error, "[30mâ”€â”€ [1mAttaching packages[22m â”€â”€â”€â”€â”€â”€â”€â”€â”€â”€â”€â”€â”€â”€â”€â”€â”€â”€â”€â”€â”€â”€â”€â”€â”€â”€â”€â”€â”€â”€â”€â”€â”€â”€â”€â”€â”€â”€â”€â”€â”€â”€â”€â”€â”€â”€â”€â”€â”€â”€â”€â”€â”€â”€â”€â”€â”€â”€â”€â”€â”€â”€â”€â”€â”€â”€â”€â”€â”€â”€â”€â”€ tidyverse 1.2.1 â”€â”€[39m\n[30m[32mâœ”[30m [34mggplot2[30m 3.2.1     [32mâœ”[30m [34mpurrr  [30m 0.3.3\n[32mâœ”[30m [34mtibble [30m 2.1.3     [32mâœ”[30m [34mdplyr  [30m 0.8.3\n[32mâœ”[30m [34mtidyr  [30m 1.0.0     [32mâœ”[30m [34mstringr[30m 1.4.0\n[32mâœ”[30m [34mreadr  [30m 1.3.1     [32mâœ”[30m [34mforcats[30m 0.4.0[39m\n[30mâ”€â”€ [1mConflicts[22m â”€â”€â”€â”€â”€â”€â”€â”€â”€â”€â”€â”€â”€â”€â”€â”€â”€â”€â”€â”€â”€â”€â”€â”€â”€â”€â”€â”€â”€â”€â”€â”€â”€â”€â”€â”€â”€â”€â”€â”€â”€â”€â”€â”€â”€â”€â”€â”€â”€â”€â”€â”€â”€â”€â”€â”€â”€â”€â”€â”€â”€â”€â”€â”€â”€â”€â”€â”€â”€â”€â”€â”€â”€â”€â”€ tidyverse_conflicts() â”€â”€\n[31mâœ–[30m [34mdplyr[30m::[32mfilter()[30m masks [34mstats[30m::filter()\n[31mâœ–[30m [34mdplyr[30m::[32mlag()[30m    masks [34mstats[30m::lag()[39m\nError in get_items(item = ""RSC"", n_users = n_users, api = api) : \n  could not find function ""get_items""\nIn addition: Warning messages:\n1: package â€˜tidyverseâ€™ was built under R version 3.5.3 \n2: package â€˜ggplot2â€™ was built under R version 3.5.3 \n3: package â€˜tibbleâ€™ was built under R version 3.5.3 \n4: package â€˜tidyrâ€™ was built under R version 3.5.3 \n5: package â€˜readrâ€™ was built under R version 3.5.3 \n6: package â€˜purrrâ€™ was built under R version 3.5.3 \n7: package â€˜dplyrâ€™ was built under R version 3.5.3 \n8: package â€˜stringrâ€™ was built under R version 3.5.3 \n9: package â€˜forcatsâ€™ was built under R version 3.5.3 \n"
dd24060c, "~/quoterspro", 3991, "daveh", 1573997445036, prompt, "> "
dd24060c, "~/quoterspro", 3991, "daveh", 1573997935335, input, "library(quoterspro)"
dd24060c, "~/quoterspro", 3991, "daveh", 1573997935337, error, "Error in library(quoterspro) : there is no package called â€˜quotersproâ€™\n"
dd24060c, "~/quoterspro", 3991, "daveh", 1573997935338, prompt, "> "
dd24060c, "~/quoterspro", 3991, "daveh", 1573997964053, input, "remotes::remote_install"
dd24060c, "~/quoterspro", 3991, "daveh", 1573997964054, error, "Error in loadNamespace(name) : there is no package called â€˜remotesâ€™\n"
dd24060c, "~/quoterspro", 3991, "daveh", 1573997964058, prompt, "> "
dd24060c, "~/quoterspro", 3991, "daveh", 1573997986046, input, "install.packages(""remotes"")"
dd24060c, "~/quoterspro", 3991, "daveh", 1573997982245, error, "Warning: unable to access index for repository http://localhost:5000/packages/internal/latest/src/contrib:\n  cannot open URL 'http://localhost:5000/packages/internal/latest/src/contrib/PACKAGES'\nWarning: unable to access index for repository http://localhost:5000/packages/internal/latest/src/contrib:\n  cannot open URL 'http://localhost:5000/packages/internal/latest/src/contrib/PACKAGES'\n"
dd24060c, "~/quoterspro", 3991, "daveh", 1573997986482, output, "Warning in install.packages :\n  unable to access index for repository http://localhost:5000/packages/internal/latest/src/contrib:\n  cannot open URL 'http://localhost:5000/packages/internal/latest/src/contrib/PACKAGES'\n"
dd24060c, "~/quoterspro", 3991, "daveh", 1573997986894, error, "Installing package into â€˜/home/daveh/R/x86_64-pc-linux-gnu-library/3.5â€™\n(as â€˜libâ€™ is unspecified)\n"
dd24060c, "~/quoterspro", 3991, "daveh", 1573997987309, output, "Warning in install.packages :\n  unable to access index for repository http://localhost:5000/packages/internal/latest/src/contrib:\n  cannot open URL 'http://localhost:5000/packages/internal/latest/src/contrib/PACKAGES'\n"
dd24060c, "~/quoterspro", 3991, "daveh", 1573997987664, error, "trying URL 'https://demo.rstudiopm.com/all/__linux__/bionic/latest/src/contrib/remotes_2.1.0.tar.gz'\nContent type 'application/x-gzip' length 349360 bytes (341 KB)\n==================================================\ndownloaded 341 KB\n\n* installing *binary* package â€˜remotesâ€™ ...\n* DONE (remotes)\n\nThe downloaded source packages are in\n	â€˜/tmp/RtmpZyZOwN/downloaded_packagesâ€™\n"
dd24060c, "~/quoterspro", 3991, "daveh", 1573997989783, prompt, "> "
dd24060c, "~/quoterspro", 3991, "daveh", 1573998048071, input, "remotes::install_github('dsdaveh/quoterspro')"
dd24060c, "~/quoterspro", 3991, "daveh", 1573998049021, error, "Error: Failed to install 'unknown package' from GitHub:\n  HTTP error 404.\n  Not Found\n\n  Did you spell the repo owner (`dsdaveh`) and repo name (`quoterspro`) correctly?\n  - If spelling is correct, check that you have the required permissions to access the repo.\n"
dd24060c, "~/quoterspro", 3991, "daveh", 1573998049092, prompt, "> "
dd24060c, "~/quoterspro", 3991, "daveh", 1573998099463, input, "remotes::install_github('dsdaveh/quoterspro')"
dd24060c, "~/quoterspro", 3991, "daveh", 1573998099850, error, "Downloading GitHub repo dsdaveh/quoterspro@master\n"
dd24060c, "~/quoterspro", 3991, "daveh", 1573998103382, output, "These packages have more recent versions available.\nWhich would you like to update?\n\n1: All                                \n2: CRAN packages only                 \n3: None                               \n4: R6        (2.4.0  -> 2.4.1 ) [CRAN]\n5: Rcpp      (1.0.1  -> 1.0.3 ) [CRAN]\n6: digest    (0.6.19 -> 0.6.22) [CRAN]\n7: htmltools (0.3.6  -> 0.4.0 ) [CRAN]\n\nEnter one or more numbers, or an empty line to skip updates:\n"
dd24060c, "~/quoterspro", 3991, "daveh", 1573998103426, prompt, ""
dd24060c, "~/quoterspro", 3991, "daveh", 1573998110784, input, ""
dd24060c, "~/quoterspro", 3991, "daveh", 1573998110787, error, "Running `R CMD build`...\n"
dd24060c, "~/quoterspro", 3991, "daveh", 1573998111053, output, "* checking for file â€˜/tmp/RtmpZyZOwN/remotesf9742520a0/dsdaveh-quoterspro-acf1930/DESCRIPTIONâ€™ ... OK\n* preparing â€˜quotersproâ€™:\n* checking DESCRIPTION meta-information ... OK\n* checking for LF line-endings in source and make files and shell scripts\n* checking for empty or unneeded directories\n* building â€˜quoterspro_0.1.0.tar.gzâ€™\n"
dd24060c, "~/quoterspro", 3991, "daveh", 1573998111056, error, "Installing package into â€˜/home/daveh/R/x86_64-pc-linux-gnu-library/3.5â€™\n(as â€˜libâ€™ is unspecified)\n* installing *source* package â€˜quotersproâ€™ ...\n** R\n** byte-compile and prepare package for lazy loading\n"
dd24060c, "~/quoterspro", 3991, "daveh", 1573998111307, output, "Note: wrong number of arguments to 'floor' \nNote: wrong number of arguments to 'ceiling' \n"
dd24060c, "~/quoterspro", 3991, "daveh", 1573998111325, error, "** help\n*** installing help indices\n** building package indices\n** testing if installed package can be loaded\n* DONE (quoterspro)\n"
dd24060c, "~/quoterspro", 3991, "daveh", 1573998111577, prompt, "> "
dd24060c, "~/quoterspro", 3991, "daveh", 1573998116232, input, "library(quoterspro)"
dd24060c, "~/quoterspro", 3991, "daveh", 1573998116246, prompt, "> "
dd24060c, "~/quoterspro", 3991, "daveh", 1573998119883, input, "source('~/quoterspro/plot_examples.R')"
dd24060c, "~/quoterspro", 3991, "daveh", 1573998121020, prompt, "> "
dd24060c, "~/quoterspro", 3991, "daveh", 1573998234583, input, "get_total <- function(n_users = 100, api = FALSE) {"
dd24060c, "~/quoterspro", 3991, "daveh", 1573998234584, input, "    get_items(item = 'RSC', n_users = n_users, api = api) %>% total_price()"
dd24060c, "~/quoterspro", 3991, "daveh", 1573998234586, input, "}"
dd24060c, "~/quoterspro", 3991, "daveh", 1573998234588, prompt, "> "
dd24060c, "~/quoterspro", 3991, "daveh", 1573998236479, input, "get_total(150)"
dd24060c, "~/quoterspro", 3991, "daveh", 1573998236485, output, "[1] 29990\n"
dd24060c, "~/quoterspro", 3991, "daveh", 1573998236486, prompt, "> "
dd24060c, "~/quoterspro", 3991, "daveh", 1573998239337, input, "n_users <- seq(10, 1200, 10)"
dd24060c, "~/quoterspro", 3991, "daveh", 1573998239342, prompt, "> "
dd24060c, "~/quoterspro", 3991, "daveh", 1573998241247, input, "prices <- map_dbl(n_users, get_total)"
dd24060c, "~/quoterspro", 3991, "daveh", 1573998241602, prompt, "> "
dd24060c, "~/quoterspro", 3991, "daveh", 1573998245710, input, "plot(n_users, prices, type = 'l')"
dd24060c, "~/quoterspro", 3991, "daveh", 1573998245756, prompt, "> "
dd24060c, "~/quoterspro", 3991, "daveh", 1573998256902, input, "price_tbl <- bind_rows("
dd24060c, "~/quoterspro", 3991, "daveh", 1573998256904, input, "    tibble(n_users, prices, API = 'not required'),"
dd24060c, "~/quoterspro", 3991, "daveh", 1573998256905, input, "    tibble(n_users, prices = map_dbl(n_users, get_total, api = TRUE), API = 'required') ) %>%"
dd24060c, "~/quoterspro", 3991, "daveh", 1573998256907, input, "    mutate(ppu = prices / n_users)"
dd24060c, "~/quoterspro", 3991, "daveh", 1573998257271, prompt, "> "
dd24060c, "~/quoterspro", 3991, "daveh", 1573998264054, input, "price_tbl %>% mutate( API = as.factor(API)) %>%"
dd24060c, "~/quoterspro", 3991, "daveh", 1573998264062, input, "    ggplot(aes(x = n_users, linetype = API)) +"
dd24060c, "~/quoterspro", 3991, "daveh", 1573998264064, input, "    geom_line(aes(y = prices, color = 'Price')) +"
dd24060c, "~/quoterspro", 3991, "daveh", 1573998264065, input, "    labs(x = '# of Users', y = ""Price $"")"
dd24060c, "~/quoterspro", 3991, "daveh", 1573998264702, prompt, "> "
dd24060c, "~/quoterspro", 3991, "daveh", 1573998271682, input, "price_tbl %>% mutate( API = as.factor(API)) %>%"
dd24060c, "~/quoterspro", 3991, "daveh", 1573998271684, input, "    ggplot(aes(x = n_users, linetype = API)) +"
dd24060c, "~/quoterspro", 3991, "daveh", 1573998271685, input, "    geom_line(aes(y = ppu, color = 'Price/user' )) +"
dd24060c, "~/quoterspro", 3991, "daveh", 1573998271686, input, "    labs(x = '# of Users', y = ""Price / User $"")"
dd24060c, "~/quoterspro", 3991, "daveh", 1573998272308, prompt, "> "
dd24060c, "~/quoterspro", 3991, "daveh", 1573998274374, input, "price_tbl %>% mutate( API = as.factor(API)) %>%"
dd24060c, "~/quoterspro", 3991, "daveh", 1573998274385, input, "    ggplot(aes(x = n_users, linetype = API)) +"
dd24060c, "~/quoterspro", 3991, "daveh", 1573998274386, input, "    geom_line(aes(y = ppu, color = 'Price/user' )) +"
dd24060c, "~/quoterspro", 3991, "daveh", 1573998274388, input, "    geom_line(aes(y = prices / 10, color = 'Price')) +"
dd24060c, "~/quoterspro", 3991, "daveh", 1573998274390, input, "    scale_y_continuous(sec.axis = sec_axis(~.* 10, name = 'total price'))"
dd24060c, "~/quoterspro", 3991, "daveh", 1573998275202, prompt, "> "
dd24060c, "~/quoterspro", 5336, "daveh", 1573998739016, input, "x=1"
dd24060c, "~/quoterspro", 5336, "daveh", 1573998741470, input, "source('~/quoterspro/plot_examples.R')"
dd24060c, "~/quoterspro", 5556, "daveh", 1573998778518, input, "View(price_tbl)"
61f837f6, "~/rstelemetry", 6290, "daveh", 1574002439159, input, "require(tidyverse)"
61f837f6, "~/rstelemetry", 6290, "daveh", 1574002440278, input, "require(lubridate)"
61f837f6, "~/rstelemetry", 6290, "daveh", 1574002442012, input, "require(glue)"
61f837f6, "~/rstelemetry", 6290, "daveh", 1574002442875, input, "rsp_log_dir <- '~/audit/r-session'"
61f837f6, "~/rstelemetry", 6290, "daveh", 1574002443747, input, "rsp_mau_fee <- 100"
61f837f6, "~/rstelemetry", 6290, "daveh", 1574002445203, input, "read_log <- function(x) {"
61f837f6, "~/rstelemetry", 6290, "daveh", 1574002445205, input, "  readr::read_csv(x) %>% "
61f837f6, "~/rstelemetry", 6290, "daveh", 1574002445206, input, "    mutate(logfile = x) %>% "
61f837f6, "~/rstelemetry", 6290, "daveh", 1574002445208, input, "    mutate(time = as_datetime(timestamp/1e3),"
61f837f6, "~/rstelemetry", 6290, "daveh", 1574002445210, input, "           month = paste(year(time), month(time))) %>% "
61f837f6, "~/rstelemetry", 6290, "daveh", 1574002445211, input, "    filter(time >= today() - dyears(1)) %>% "
61f837f6, "~/rstelemetry", 6290, "daveh", 1574002445213, input, "    filter(type == ""session_start"")"
61f837f6, "~/rstelemetry", 6290, "daveh", 1574002445215, input, "}"
61f837f6, "~/rstelemetry", 6290, "daveh", 1574002448237, input, "logs <- map_df(list.files(rsp_log_dir, ""*\\.csv"", full.names = TRUE), read_log) "
61f837f6, "~/rstelemetry", 6290, "daveh", 1574002490682, input, "list.files(rsp_log_dir, ""*\\.csv"", full.names = TRUE)"
61f837f6, "~/rstelemetry", 6290, "daveh", 1574002507864, input, "dir(rsp_log_dir)"
61f837f6, "~/rstelemetry", 6290, "daveh", 1574002511426, input, "rsp_log_dir"
61f837f6, "~/rstelemetry", 6290, "daveh", 1574002529156, input, "rsp_log_dir <- '~/audit/r-sessions'"
61f837f6, "~/rstelemetry", 6290, "daveh", 1574002535222, input, "logs <- map_df(list.files(rsp_log_dir, ""*\\.csv"", full.names = TRUE), read_log) "
61f837f6, "~/rstelemetry", 6290, "daveh", 1574002540721, input, "monthly_fees_long <- logs %>% "
61f837f6, "~/rstelemetry", 6290, "daveh", 1574002540723, input, "  group_by(username, month) %>% "
61f837f6, "~/rstelemetry", 6290, "daveh", 1574002540725, input, "  summarise(fee = rsp_mau_fee * (n() > 1)) "
61f837f6, "~/rstelemetry", 6290, "daveh", 1574002549569, input, "monthly_fees <- monthly_fees_long %>% "
61f837f6, "~/rstelemetry", 6290, "daveh", 1574002549571, input, "  spread(month, fee, fill = 0) "
61f837f6, "~/rstelemetry", 6290, "daveh", 1574002551484, input, "total_fees <- sum(monthly_fees_long$fee)"
61f837f6, "~/rstelemetry", 6290, "daveh", 1574002554393, input, "monthly_stats <- logs %>% "
61f837f6, "~/rstelemetry", 6290, "daveh", 1574002554394, input, "  group_by(username, month) %>% "
61f837f6, "~/rstelemetry", 6290, "daveh", 1574002554396, input, "  summarise(session_starts = n()) %>% "
61f837f6, "~/rstelemetry", 6290, "daveh", 1574002554397, input, "  spread(month, session_starts, fill = 0) "
61f837f6, "~/rstelemetry", 6290, "daveh", 1574002556252, input, "user_stats <- logs %>% "
61f837f6, "~/rstelemetry", 6290, "daveh", 1574002556253, input, "  group_by(logfile, username) %>% "
61f837f6, "~/rstelemetry", 6290, "daveh", 1574002556255, input, "  summarise(ts_first = min(time),"
61f837f6, "~/rstelemetry", 6290, "daveh", 1574002556256, input, "            ts_last = max(time)) %>% "
61f837f6, "~/rstelemetry", 6290, "daveh", 1574002556257, input, "  group_by(username) %>% "
61f837f6, "~/rstelemetry", 6290, "daveh", 1574002556258, input, "  summarise(product = 'RSP',"
61f837f6, "~/rstelemetry", 6290, "daveh", 1574002556260, input, "            n_servers = n(),"
61f837f6, "~/rstelemetry", 6290, "daveh", 1574002556261, input, "            ts_first = min(ts_first),"
61f837f6, "~/rstelemetry", 6290, "daveh", 1574002556263, input, "            ts_last = max(ts_first),"
61f837f6, "~/rstelemetry", 6290, "daveh", 1574002556265, input, "            access = NA) %>% "
61f837f6, "~/rstelemetry", 6290, "daveh", 1574002556266, input, "  left_join(monthly_stats, by = 'username') "
61f837f6, "~/rstelemetry", 6290, "daveh", 1574002557920, input, "named_users <- user_stats %>% nrow()"
61f837f6, "~/rstelemetry", 6290, "daveh", 1574002560434, input, "glue('Thanks for using RStudio! This server has had {named_users} named users since {today() - dyears(1)}.')"
61f837f6, "~/rstelemetry", 6290, "daveh", 1574002568333, input, "tstamp <- format(now(), ""%Y_%m_%d_%s"")"
61f837f6, "~/rstelemetry", 6290, "daveh", 1574002569379, input, "csv_mau <- glue('rsp_active_users_{tstamp}.csv')"
61f837f6, "~/rstelemetry", 6290, "daveh", 1574002569952, input, "csv_fee <- glue('rsp_mau_fees_{tstamp}.csv')"
61f837f6, "~/rstelemetry", 6290, "daveh", 1574002572004, input, "write_csv(user_stats, csv_mau )"
61f837f6, "~/rstelemetry", 6290, "daveh", 1574002572502, input, "write_csv(monthly_fees, csv_fee )"
61f837f6, "~/rstelemetry", 6290, "daveh", 1574002817767, input, "source('~/rstelemetry/rsp_mau_counts.R')"
61f837f6, "~/rstelemetry", 6513, "daveh", 1574003270824, input, "library(tidyverse)"
61f837f6, "~/rstelemetry", 6513, "daveh", 1574003298104, input, "require(lubridate)"
61f837f6, "~/rstelemetry", 6513, "daveh", 1574003346783, input, "require(glue)"
61f837f6, "~/rstelemetry", 6513, "daveh", 1574003399924, input, "rsp_log_dir <- 'audit/r-sessions'"
61f837f6, "~/rstelemetry", 6513, "daveh", 1574003400863, input, "rsp_mau_fee <- 100"
61f837f6, "~/rstelemetry", 6513, "daveh", 1574003402073, input, "read_log <- function(x) {"
61f837f6, "~/rstelemetry", 6513, "daveh", 1574003402074, input, "  readr::read_csv(x) %>% "
61f837f6, "~/rstelemetry", 6513, "daveh", 1574003402076, input, "    mutate(logfile = x) %>% "
61f837f6, "~/rstelemetry", 6513, "daveh", 1574003402077, input, "    mutate(time = as_datetime(timestamp/1e3),"
61f837f6, "~/rstelemetry", 6513, "daveh", 1574003402078, input, "           month = paste(year(time), month(time))) %>% "
61f837f6, "~/rstelemetry", 6513, "daveh", 1574003402080, input, "    filter(time >= today() - dyears(1)) %>% "
61f837f6, "~/rstelemetry", 6513, "daveh", 1574003402081, input, "    filter(type == ""session_start"")"
61f837f6, "~/rstelemetry", 6513, "daveh", 1574003402083, input, "}"
61f837f6, "~/rstelemetry", 6513, "daveh", 1574003466966, input, "knitr::opts_chunk$set(echo = TRUE)"
61f837f6, "~/rstelemetry", 6513, "daveh", 1574003467115, input, "require(tidyverse)"
61f837f6, "~/rstelemetry", 6513, "daveh", 1574003467118, input, "require(lubridate)"
61f837f6, "~/rstelemetry", 6513, "daveh", 1574003467121, input, "require(glue)"
61f837f6, "~/rstelemetry", 6513, "daveh", 1574003467124, input, ""
61f837f6, "~/rstelemetry", 6513, "daveh", 1574003467126, input, "rsp_log_dir <- 'audit/r-sessions'"
61f837f6, "~/rstelemetry", 6513, "daveh", 1574003467132, input, "rsp_mau_fee <- 100"
61f837f6, "~/rstelemetry", 6513, "daveh", 1574003479000, input, "require(tidyverse)"
61f837f6, "~/rstelemetry", 6513, "daveh", 1574003479004, input, "require(lubridate)"
61f837f6, "~/rstelemetry", 6513, "daveh", 1574003479006, input, "require(glue)"
61f837f6, "~/rstelemetry", 6513, "daveh", 1574003479009, input, ""
61f837f6, "~/rstelemetry", 6513, "daveh", 1574003479011, input, "rsp_log_dir <- 'audit/r-sessions'"
61f837f6, "~/rstelemetry", 6513, "daveh", 1574003479015, input, "rsp_mau_fee <- 1"
61f837f6, "~/rstelemetry", 6513, "daveh", 1574003546843, input, "read_log <- function(x) {"
61f837f6, "~/rstelemetry", 6513, "daveh", 1574003546846, input, "  readr::read_csv(x) %>% "
61f837f6, "~/rstelemetry", 6513, "daveh", 1574003546848, input, "    mutate(logfile = x) %>% "
61f837f6, "~/rstelemetry", 6513, "daveh", 1574003546851, input, "    mutate(time = as_datetime(timestamp/1e3),"
61f837f6, "~/rstelemetry", 6513, "daveh", 1574003546853, input, "           month = paste(year(time), month(time))) %>% "
61f837f6, "~/rstelemetry", 6513, "daveh", 1574003546855, input, "    filter(time >= today() - dyears(1)) %>% "
61f837f6, "~/rstelemetry", 6513, "daveh", 1574003546858, input, "    filter(type == ""session_start"")"
61f837f6, "~/rstelemetry", 6513, "daveh", 1574003546860, input, "}"
61f837f6, "~/rstelemetry", 6513, "daveh", 1574003546864, input, ""
61f837f6, "~/rstelemetry", 6513, "daveh", 1574003546865, input, "log_files <- list.files(rsp_log_dir, ""*\\.csv"", full.names = TRUE)"
61f837f6, "~/rstelemetry", 6513, "daveh", 1574003546869, input, "logs <- map_df(log_files, read_log) "
61f837f6, "~/rstelemetry", 6513, "daveh", 1574003591313, input, "read_log <- function(x) {"
61f837f6, "~/rstelemetry", 6513, "daveh", 1574003591317, input, "  readr::read_csv(x) %>% "
61f837f6, "~/rstelemetry", 6513, "daveh", 1574003591321, input, "    mutate(logfile = x) %>% "
61f837f6, "~/rstelemetry", 6513, "daveh", 1574003591324, input, "    mutate(time = as_datetime(timestamp/1e3),"
61f837f6, "~/rstelemetry", 6513, "daveh", 1574003591328, input, "           month = paste(year(time), month(time))) %>% "
61f837f6, "~/rstelemetry", 6513, "daveh", 1574003591331, input, "    filter(time >= today() - dyears(1)) %>% "
61f837f6, "~/rstelemetry", 6513, "daveh", 1574003591333, input, "    filter(type == ""session_start"")"
61f837f6, "~/rstelemetry", 6513, "daveh", 1574003591335, input, "}"
61f837f6, "~/rstelemetry", 6513, "daveh", 1574003591339, input, ""
61f837f6, "~/rstelemetry", 6513, "daveh", 1574003591340, input, "log_files <- list.files(rsp_log_dir, ""*\\.csv"", full.names = TRUE)"
61f837f6, "~/rstelemetry", 6513, "daveh", 1574003591345, input, "logs <- map_df(log_files, read_log) "
61f837f6, "~/rstelemetry", 6513, "daveh", 1574003600595, input, "read_log <- function(x) {"
61f837f6, "~/rstelemetry", 6513, "daveh", 1574003600598, input, "  readr::read_csv(x) %>% "
61f837f6, "~/rstelemetry", 6513, "daveh", 1574003600600, input, "    mutate(logfile = x) %>% "
61f837f6, "~/rstelemetry", 6513, "daveh", 1574003600601, input, "    mutate(time = as_datetime(timestamp/1e3),"
61f837f6, "~/rstelemetry", 6513, "daveh", 1574003600605, input, "           month = paste(year(time), month(time))) %>% "
61f837f6, "~/rstelemetry", 6513, "daveh", 1574003600607, input, "    filter(time >= today() - dyears(1)) %>% "
61f837f6, "~/rstelemetry", 6513, "daveh", 1574003600612, input, "    filter(type == ""session_start"")"
61f837f6, "~/rstelemetry", 6513, "daveh", 1574003600616, input, "}"
61f837f6, "~/rstelemetry", 6513, "daveh", 1574003600619, input, ""
61f837f6, "~/rstelemetry", 6513, "daveh", 1574003600621, input, "log_files <- list.files(rsp_log_dir, ""*\\.csv"", full.names = TRUE)"
61f837f6, "~/rstelemetry", 6513, "daveh", 1574003600624, input, "logs <- map_df(log_files, read_log) "
61f837f6, "~/rstelemetry", 6513, "daveh", 1574003607402, input, "read_log <- function(x) {"
61f837f6, "~/rstelemetry", 6513, "daveh", 1574003607405, input, "  readr::read_csv(x) %>% "
61f837f6, "~/rstelemetry", 6513, "daveh", 1574003607408, input, "    mutate(logfile = x) %>% "
61f837f6, "~/rstelemetry", 6513, "daveh", 1574003607411, input, "    mutate(time = as_datetime(timestamp/1e3),"
61f837f6, "~/rstelemetry", 6513, "daveh", 1574003607415, input, "           month = paste(year(time), month(time))) %>% "
61f837f6, "~/rstelemetry", 6513, "daveh", 1574003607419, input, "    filter(time >= today() - dyears(1)) %>% "
61f837f6, "~/rstelemetry", 6513, "daveh", 1574003607422, input, "    filter(type == ""session_start"")"
61f837f6, "~/rstelemetry", 6513, "daveh", 1574003607424, input, "}"
61f837f6, "~/rstelemetry", 6513, "daveh", 1574003607429, input, ""
61f837f6, "~/rstelemetry", 6513, "daveh", 1574003607430, input, "log_files <- list.files(rsp_log_dir, ""*\\.csv"", full.names = TRUE)"
61f837f6, "~/rstelemetry", 6513, "daveh", 1574003607435, input, "logs <- map_df(log_files, read_log) "
61f837f6, "~/rstelemetry", 6513, "daveh", 1574003631385, input, "read_log <- function(x) {"
61f837f6, "~/rstelemetry", 6513, "daveh", 1574003631388, input, "  readr::read_csv(x) %>% "
61f837f6, "~/rstelemetry", 6513, "daveh", 1574003631391, input, "    mutate(logfile = x) %>% "
61f837f6, "~/rstelemetry", 6513, "daveh", 1574003631395, input, "    mutate(time = as_datetime(timestamp/1e3),"
61f837f6, "~/rstelemetry", 6513, "daveh", 1574003631398, input, "           month = paste(year(time), month(time))) %>% "
61f837f6, "~/rstelemetry", 6513, "daveh", 1574003631401, input, "    filter(time >= today() - dyears(1)) %>% "
61f837f6, "~/rstelemetry", 6513, "daveh", 1574003631404, input, "    filter(type == ""session_start"")"
61f837f6, "~/rstelemetry", 6513, "daveh", 1574003631408, input, "}"
61f837f6, "~/rstelemetry", 6513, "daveh", 1574003631412, input, ""
61f837f6, "~/rstelemetry", 6513, "daveh", 1574003631415, input, "log_files <- list.files(rsp_log_dir, ""*\\.csv"", full.names = TRUE)"
61f837f6, "~/rstelemetry", 6513, "daveh", 1574003631420, input, "logs <- map_df(log_files, read_log) "
61f837f6, "~/rstelemetry", 6513, "daveh", 1574003631444, input, ""
61f837f6, "~/rstelemetry", 6513, "daveh", 1574003631445, input, "log_files"
61f837f6, "~/rstelemetry", 6513, "daveh", 1574004402883, input, "knitr::opts_chunk$set(echo = TRUE)"
61f837f6, "~/rstelemetry", 6513, "daveh", 1574004402887, input, ""
61f837f6, "~/rstelemetry", 6513, "daveh", 1574004402888, input, "require(tidyverse)"
61f837f6, "~/rstelemetry", 6513, "daveh", 1574004402891, input, "require(lubridate)"
61f837f6, "~/rstelemetry", 6513, "daveh", 1574004402893, input, "require(glue)"
61f837f6, "~/rstelemetry", 6513, "daveh", 1574004402895, input, ""
61f837f6, "~/rstelemetry", 6513, "daveh", 1574004402896, input, "rsp_log_dir <- 'audit/r-sessions'"
61f837f6, "~/rstelemetry", 6513, "daveh", 1574004402899, input, "rsp_mau_fee <- 1"
61f837f6, "~/rstelemetry", 6513, "daveh", 1574004402908, input, "DT::datatable(user_stats)"
61f837f6, "~/rstelemetry", 6513, "daveh", 1574004427789, input, "library(DT)"
61f837f6, "~/rstelemetry", 6513, "daveh", 1574004456361, input, "install.packages(""DT"")"
61f837f6, "~/rstelemetry", 6513, "daveh", 1574004516995, input, "DT::datatable(user_stats)"
61f837f6, "~/rstelemetry", 6513, "daveh", 1574004522499, input, "monthly_stats <- logs %>% "
61f837f6, "~/rstelemetry", 6513, "daveh", 1574004522501, input, "  group_by(username, month) %>% "
61f837f6, "~/rstelemetry", 6513, "daveh", 1574004522503, input, "  summarise(session_starts = n()) %>% "
61f837f6, "~/rstelemetry", 6513, "daveh", 1574004522506, input, "  spread(month, session_starts, fill = 0) "
61f837f6, "~/rstelemetry", 6513, "daveh", 1574004522540, input, ""
61f837f6, "~/rstelemetry", 6513, "daveh", 1574004522542, input, "user_stats <- logs %>% "
61f837f6, "~/rstelemetry", 6513, "daveh", 1574004522544, input, "  group_by(logfile, username) %>% "
61f837f6, "~/rstelemetry", 6513, "daveh", 1574004522546, input, "  summarise(ts_first = min(time),"
61f837f6, "~/rstelemetry", 6513, "daveh", 1574004522549, input, "            ts_last = max(time)) %>% "
61f837f6, "~/rstelemetry", 6513, "daveh", 1574004522552, input, "  group_by(username) %>% "
61f837f6, "~/rstelemetry", 6513, "daveh", 1574004522556, input, "  summarise(product = 'RSP',"
61f837f6, "~/rstelemetry", 6513, "daveh", 1574004522558, input, "            n_servers = n(),"
61f837f6, "~/rstelemetry", 6513, "daveh", 1574004522560, input, "            ts_first = min(ts_first),"
61f837f6, "~/rstelemetry", 6513, "daveh", 1574004522564, input, "            ts_last = max(ts_first),"
61f837f6, "~/rstelemetry", 6513, "daveh", 1574004522567, input, "            access = NA) %>% "
61f837f6, "~/rstelemetry", 6513, "daveh", 1574004522569, input, "  left_join(monthly_stats, by = 'username') "
61f837f6, "~/rstelemetry", 6513, "daveh", 1574004522591, input, ""
61f837f6, "~/rstelemetry", 6513, "daveh", 1574004522592, input, ""
61f837f6, "~/rstelemetry", 6513, "daveh", 1574004522595, input, "named_users <- user_stats %>% nrow()"
61f837f6, "~/rstelemetry", 6513, "daveh", 1574004525677, input, "DT::datatable(user_stats)"
61f837f6, "~/rstelemetry", 6513, "daveh", 1574004549081, input, "library(DT)"
61f837f6, "~/rstelemetry", 6513, "daveh", 1574005852435, input, "DT::datatable(user_stats) %>% "
61f837f6, "~/rstelemetry", 6513, "daveh", 1574005852437, input, "  select(Username = username, product, `# of Servers` = n_servers, "
61f837f6, "~/rstelemetry", 6513, "daveh", 1574005852440, input, "         `First Session` = ts_first, `Last Session` = ts_last, starts_with(`20`))  "
61f837f6, "~/rstelemetry", 6513, "daveh", 1574005892367, input, "user_stats %>% "
61f837f6, "~/rstelemetry", 6513, "daveh", 1574005892370, input, "  select(Username = username, product, `# of Servers` = n_servers, "
61f837f6, "~/rstelemetry", 6513, "daveh", 1574005892373, input, "         `First Session` = ts_first, `Last Session` = ts_last, starts_with(`20`))  %>% "
61f837f6, "~/rstelemetry", 6513, "daveh", 1574005892376, input, "  datatable()"
61f837f6, "~/rstelemetry", 6513, "daveh", 1574005937243, input, "user_stats %>% select(username)"
61f837f6, "~/rstelemetry", 6513, "daveh", 1574005960086, input, "user_stats %>% select(starts_with('user'))"
61f837f6, "~/rstelemetry", 6513, "daveh", 1574005965691, input, "user_stats %>% select(starts_with('20'))"
61f837f6, "~/rstelemetry", 6513, "daveh", 1574005986360, input, "user_stats %>% "
61f837f6, "~/rstelemetry", 6513, "daveh", 1574005986364, input, "  select(c(Username = username, product, `# of Servers` = n_servers, "
61f837f6, "~/rstelemetry", 6513, "daveh", 1574005986367, input, "         `First Session` = ts_first, `Last Session` = ts_last, starts_with(`20`)))  %>% "
61f837f6, "~/rstelemetry", 6513, "daveh", 1574005986369, input, "  datatable()"
61f837f6, "~/rstelemetry", 6513, "daveh", 1574006020361, input, "user_stats %>% "
61f837f6, "~/rstelemetry", 6513, "daveh", 1574006020365, input, "  select(Username = username, product, `# of Servers` = n_servers, "
61f837f6, "~/rstelemetry", 6513, "daveh", 1574006020368, input, "         `First Session` = ts_first, `Last Session` = ts_last, starts_with('20'))  %>% "
61f837f6, "~/rstelemetry", 6513, "daveh", 1574006020371, input, "  datatable()"
61f837f6, "~/rstelemetry", 6513, "daveh", 1574006020449, input, ""
61f837f6, "~/rstelemetry", 6513, "daveh", 1574006020450, input, "  "
61f837f6, "~/rstelemetry", 6513, "daveh", 1574006064518, input, "user_stats %>% "
61f837f6, "~/rstelemetry", 6513, "daveh", 1574006064521, input, "  select(`User ID` = username, Product = product, `# of Servers` = n_servers, "
61f837f6, "~/rstelemetry", 6513, "daveh", 1574006064525, input, "         `First Session` = ts_first, `Last Session` = ts_last, starts_with('20'))  %>% "
61f837f6, "~/rstelemetry", 6513, "daveh", 1574006064529, input, "  datatable()"
61f837f6, "~/rstelemetry", 6513, "daveh", 1574006064591, input, ""
61f837f6, "~/rstelemetry", 6513, "daveh", 1574006064593, input, "  "
61f837f6, "~/rstelemetry", 6513, "daveh", 1574006169775, input, "user_stats %>% "
61f837f6, "~/rstelemetry", 6513, "daveh", 1574006169779, input, "  select(`User ID` = username, Product = product, `# of Servers` = n_servers, "
61f837f6, "~/rstelemetry", 6513, "daveh", 1574006169784, input, "         `First Session` = ts_first, `Last Session` = ts_last, starts_with('20'))  %>% "
61f837f6, "~/rstelemetry", 6513, "daveh", 1574006169787, input, "  datatable() %>% "
61f837f6, "~/rstelemetry", 6513, "daveh", 1574006169791, input, "  formatDate('First Session')"
61f837f6, "~/rstelemetry", 6513, "daveh", 1574006169883, input, ""
61f837f6, "~/rstelemetry", 6513, "daveh", 1574006169884, input, "  "
61f837f6, "~/rstelemetry", 6513, "daveh", 1574006208450, input, "user_stats %>% "
61f837f6, "~/rstelemetry", 6513, "daveh", 1574006208454, input, "  select(`User ID` = username, Product = product, `# of Servers` = n_servers, "
61f837f6, "~/rstelemetry", 6513, "daveh", 1574006208457, input, "         `First Session` = ts_first, `Last Session` = ts_last, starts_with('20'))  %>% "
61f837f6, "~/rstelemetry", 6513, "daveh", 1574006208460, input, "  datatable() %>% "
61f837f6, "~/rstelemetry", 6513, "daveh", 1574006208462, input, "  formatDate(contains('Session'))"
61f837f6, "~/rstelemetry", 6513, "daveh", 1574006241995, input, "user_stats %>% "
61f837f6, "~/rstelemetry", 6513, "daveh", 1574006241999, input, "  select(`User ID` = username, Product = product, `# of Servers` = n_servers, "
61f837f6, "~/rstelemetry", 6513, "daveh", 1574006242003, input, "         `First Session` = ts_first, `Last Session` = ts_last, starts_with('20'))  %>% "
61f837f6, "~/rstelemetry", 6513, "daveh", 1574006242005, input, "  datatable() %>% "
61f837f6, "~/rstelemetry", 6513, "daveh", 1574006242009, input, "  formatDate(c('First Session', 'Last Session'))"
61f837f6, "~/rstelemetry", 6513, "daveh", 1574006242095, input, ""
61f837f6, "~/rstelemetry", 6513, "daveh", 1574006242097, input, "  "
61f837f6, "~/rstelemetry", 6513, "daveh", 1574007287270, input, "data_cols <- starts_with('20', names(user_stats))"
61f837f6, "~/rstelemetry", 6513, "daveh", 1574007301233, input, "data_cols <- starts_with('20', vars = names(user_stats))"
61f837f6, "~/rstelemetry", 6513, "daveh", 1574007311663, input, "data_cols"
61f837f6, "~/rstelemetry", 6513, "daveh", 1574007349083, input, "data_cols <- names(user_stats)[starts_with('20', vars = names(user_stats))]"
61f837f6, "~/rstelemetry", 6513, "daveh", 1574007425597, input, "monthly_fees_long <- logs %>% "
61f837f6, "~/rstelemetry", 6513, "daveh", 1574007425600, input, "  group_by(username, month) %>% "
61f837f6, "~/rstelemetry", 6513, "daveh", 1574007425603, input, "  summarise(fee = rsp_mau_fee * (n() > 1)) "
61f837f6, "~/rstelemetry", 6513, "daveh", 1574007425613, input, ""
61f837f6, "~/rstelemetry", 6513, "daveh", 1574007425614, input, "monthly_fees <- monthly_fees_long %>% "
61f837f6, "~/rstelemetry", 6513, "daveh", 1574007425619, input, "  spread(month, fee, fill = 0) "
61f837f6, "~/rstelemetry", 6513, "daveh", 1574007425639, input, ""
61f837f6, "~/rstelemetry", 6513, "daveh", 1574007425641, input, "total_fees <- sum(monthly_fees_long$fee)"
61f837f6, "~/rstelemetry", 6513, "daveh", 1574007425647, input, ""
61f837f6, "~/rstelemetry", 6513, "daveh", 1574007425650, input, "data_cols <- names(monthly_fees)[starts_with('20', vars = names(monthly_fees))]"
61f837f6, "~/rstelemetry", 6513, "daveh", 1574007425656, input, "monthly_fees %>% "
61f837f6, "~/rstelemetry", 6513, "daveh", 1574007425660, input, "  select(`User ID` = username, Product = product, `# of Servers` = n_servers, "
61f837f6, "~/rstelemetry", 6513, "daveh", 1574007425664, input, "         `First Session` = ts_first, `Last Session` = ts_last, starts_with('20'))  %>% "
61f837f6, "~/rstelemetry", 6513, "daveh", 1574007425668, input, "  datatable() %>% "
61f837f6, "~/rstelemetry", 6513, "daveh", 1574007425671, input, "  formatDate(c('First Session', 'Last Session'))"
61f837f6, "~/rstelemetry", 6513, "daveh", 1574007433010, input, "View(monthly_fees)"
61f837f6, "~/rstelemetry", 6513, "daveh", 1574007505898, input, "monthly_fees_long <- logs %>% "
61f837f6, "~/rstelemetry", 6513, "daveh", 1574007505901, input, "  group_by(username, month) %>% "
61f837f6, "~/rstelemetry", 6513, "daveh", 1574007505904, input, "  summarise(fee = rsp_mau_fee * (n() > 1)) "
61f837f6, "~/rstelemetry", 6513, "daveh", 1574007505918, input, ""
61f837f6, "~/rstelemetry", 6513, "daveh", 1574007505919, input, "monthly_fees <- monthly_fees_long %>% "
61f837f6, "~/rstelemetry", 6513, "daveh", 1574007505922, input, "  spread(month, fee, fill = 0) "
61f837f6, "~/rstelemetry", 6513, "daveh", 1574007505946, input, ""
61f837f6, "~/rstelemetry", 6513, "daveh", 1574007505948, input, "total_fees <- sum(monthly_fees_long$fee)"
61f837f6, "~/rstelemetry", 6513, "daveh", 1574007505956, input, ""
61f837f6, "~/rstelemetry", 6513, "daveh", 1574007505958, input, "data_cols <- names(monthly_fees)[starts_with('20', vars = names(monthly_fees))]"
61f837f6, "~/rstelemetry", 6513, "daveh", 1574007505965, input, "monthly_fees %>% "
61f837f6, "~/rstelemetry", 6513, "daveh", 1574007505968, input, "  select(`User ID` = username, starts_with('20'))  %>% "
61f837f6, "~/rstelemetry", 6513, "daveh", 1574007505971, input, "  datatable() %>% "
61f837f6, "~/rstelemetry", 6513, "daveh", 1574007505973, input, "  formatCurrency(data_cols)"
61f837f6, "~/rstelemetry", 6513, "daveh", 1574007546433, input, "monthly_fees_long <- logs %>% "
61f837f6, "~/rstelemetry", 6513, "daveh", 1574007546444, input, "  group_by(username, month) %>% "
61f837f6, "~/rstelemetry", 6513, "daveh", 1574007546447, input, "  summarise(fee = rsp_mau_fee * (n() > 1)) "
61f837f6, "~/rstelemetry", 6513, "daveh", 1574007546461, input, ""
61f837f6, "~/rstelemetry", 6513, "daveh", 1574007546464, input, "monthly_fees <- monthly_fees_long %>% "
61f837f6, "~/rstelemetry", 6513, "daveh", 1574007546468, input, "  spread(month, fee, fill = 0) "
61f837f6, "~/rstelemetry", 6513, "daveh", 1574007546483, input, ""
61f837f6, "~/rstelemetry", 6513, "daveh", 1574007546485, input, "total_fees <- sum(monthly_fees_long$fee)"
61f837f6, "~/rstelemetry", 6513, "daveh", 1574007546488, input, ""
61f837f6, "~/rstelemetry", 6513, "daveh", 1574007546489, input, "data_cols <- names(monthly_fees)[starts_with('20', vars = names(monthly_fees))]"
61f837f6, "~/rstelemetry", 6513, "daveh", 1574007546494, input, "monthly_fees %>% "
61f837f6, "~/rstelemetry", 6513, "daveh", 1574007546497, input, "  select(`User ID` = username, starts_with('20'))  %>% "
61f837f6, "~/rstelemetry", 6513, "daveh", 1574007546500, input, "  datatable() %>% "
61f837f6, "~/rstelemetry", 6513, "daveh", 1574007546502, input, "  formatCurrency(data_cols, digits = 0)"
61f837f6, "~/rstelemetry", 6513, "daveh", 1574008043889, input, "knitr::opts_chunk$set(echo = TRUE)"
61f837f6, "~/rstelemetry", 6513, "daveh", 1574008043892, input, ""
61f837f6, "~/rstelemetry", 6513, "daveh", 1574008043893, input, "library(tidyverse)"
61f837f6, "~/rstelemetry", 6513, "daveh", 1574008043896, input, "library(lubridate)"
61f837f6, "~/rstelemetry", 6513, "daveh", 1574008043899, input, "library(glue)"
61f837f6, "~/rstelemetry", 6513, "daveh", 1574008043902, input, "library(DT)"
61f837f6, "~/rstelemetry", 6513, "daveh", 1574008043906, input, ""
61f837f6, "~/rstelemetry", 6513, "daveh", 1574008043907, input, "rsp_log_dir <- 'audit/r-sessions'"
61f837f6, "~/rstelemetry", 6513, "daveh", 1574008043910, input, "rsp_mau_fee <- 1"
61f837f6, "~/rstelemetry", 6513, "daveh", 1574008043922, input, "read_log <- function(x) {"
61f837f6, "~/rstelemetry", 6513, "daveh", 1574008043924, input, "  readr::read_csv(x) %>% "
61f837f6, "~/rstelemetry", 6513, "daveh", 1574008043927, input, "    mutate(logfile = x) %>% "
61f837f6, "~/rstelemetry", 6513, "daveh", 1574008043929, input, "    mutate(time = as_datetime(timestamp/1e3),"
61f837f6, "~/rstelemetry", 6513, "daveh", 1574008043931, input, "           month = paste(year(time), month(time))) %>% "
61f837f6, "~/rstelemetry", 6513, "daveh", 1574008043932, input, "    filter(time >= today() - dyears(1)) %>% "
61f837f6, "~/rstelemetry", 6513, "daveh", 1574008043934, input, "    filter(type == ""session_start"")"
61f837f6, "~/rstelemetry", 6513, "daveh", 1574008043936, input, "}"
61f837f6, "~/rstelemetry", 6513, "daveh", 1574008043940, input, ""
61f837f6, "~/rstelemetry", 6513, "daveh", 1574008043941, input, "log_files <- list.files(rsp_log_dir, ""*\\.csv"", full.names = TRUE)"
61f837f6, "~/rstelemetry", 6513, "daveh", 1574008043944, input, "logs <- map_df(log_files, read_log) "
61f837f6, "~/rstelemetry", 6513, "daveh", 1574008043953, input, ""
61f837f6, "~/rstelemetry", 6513, "daveh", 1574008043966, input, "monthly_stats <- logs %>% "
61f837f6, "~/rstelemetry", 6513, "daveh", 1574008043968, input, "  group_by(username, month) %>% "
61f837f6, "~/rstelemetry", 6513, "daveh", 1574008043970, input, "  summarise(session_starts = n()) %>% "
61f837f6, "~/rstelemetry", 6513, "daveh", 1574008043973, input, "  spread(month, session_starts, fill = 0) "
61f837f6, "~/rstelemetry", 6513, "daveh", 1574008043985, input, ""
61f837f6, "~/rstelemetry", 6513, "daveh", 1574008043986, input, "user_stats <- logs %>% "
61f837f6, "~/rstelemetry", 6513, "daveh", 1574008043989, input, "  group_by(logfile, username) %>% "
61f837f6, "~/rstelemetry", 6513, "daveh", 1574008043990, input, "  summarise(ts_first = min(time),"
61f837f6, "~/rstelemetry", 6513, "daveh", 1574008043992, input, "            ts_last = max(time)) %>% "
61f837f6, "~/rstelemetry", 6513, "daveh", 1574008043994, input, "  group_by(username) %>% "
61f837f6, "~/rstelemetry", 6513, "daveh", 1574008043996, input, "  summarise(product = 'RSP',"
61f837f6, "~/rstelemetry", 6513, "daveh", 1574008043997, input, "            n_servers = n(),"
61f837f6, "~/rstelemetry", 6513, "daveh", 1574008043999, input, "            ts_first = min(ts_first),"
61f837f6, "~/rstelemetry", 6513, "daveh", 1574008044001, input, "            ts_last = max(ts_first),"
61f837f6, "~/rstelemetry", 6513, "daveh", 1574008044003, input, "            access = NA) %>% "
61f837f6, "~/rstelemetry", 6513, "daveh", 1574008044005, input, "  left_join(monthly_stats, by = 'username') "
61f837f6, "~/rstelemetry", 6513, "daveh", 1574008044015, input, ""
61f837f6, "~/rstelemetry", 6513, "daveh", 1574008044016, input, ""
61f837f6, "~/rstelemetry", 6513, "daveh", 1574008044018, input, "named_users <- user_stats %>% nrow()"
61f837f6, "~/rstelemetry", 6513, "daveh", 1574008044025, input, "user_stats %>% "
61f837f6, "~/rstelemetry", 6513, "daveh", 1574008044027, input, "  select(`User ID` = username, Product = product, `# of Servers` = n_servers, "
61f837f6, "~/rstelemetry", 6513, "daveh", 1574008044029, input, "         `First Session` = ts_first, `Last Session` = ts_last, starts_with('20'))  %>% "
61f837f6, "~/rstelemetry", 6513, "daveh", 1574008044031, input, "  datatable() %>% "
61f837f6, "~/rstelemetry", 6513, "daveh", 1574008044032, input, "  formatDate(c('First Session', 'Last Session'))"
61f837f6, "~/rstelemetry", 6513, "daveh", 1574008044149, input, "csv_mau <- glue('rsp_active_users.csv')"
61f837f6, "~/rstelemetry", 6513, "daveh", 1574008044156, input, "csv_fee <- glue('rsp_mau_fees.csv')"
61f837f6, "~/rstelemetry", 6513, "daveh", 1574008044161, input, "write_csv(user_stats, csv_mau )"
61f837f6, "~/rstelemetry", 6513, "daveh", 1574008044170, input, "monthly_fees_long <- logs %>% "
61f837f6, "~/rstelemetry", 6513, "daveh", 1574008044172, input, "  group_by(username, month) %>% "
61f837f6, "~/rstelemetry", 6513, "daveh", 1574008044176, input, "  summarise(fee = rsp_mau_fee * (n() > 1)) "
61f837f6, "~/rstelemetry", 6513, "daveh", 1574008044191, input, ""
61f837f6, "~/rstelemetry", 6513, "daveh", 1574008044192, input, "monthly_fees <- monthly_fees_long %>% "
61f837f6, "~/rstelemetry", 6513, "daveh", 1574008044195, input, "  spread(month, fee, fill = 0) "
61f837f6, "~/rstelemetry", 6513, "daveh", 1574008044211, input, ""
61f837f6, "~/rstelemetry", 6513, "daveh", 1574008044212, input, "total_fees <- sum(monthly_fees_long$fee)"
61f837f6, "~/rstelemetry", 6513, "daveh", 1574008044216, input, ""
61f837f6, "~/rstelemetry", 6513, "daveh", 1574008044217, input, "data_cols <- names(monthly_fees)[starts_with('20', vars = names(monthly_fees))]"
61f837f6, "~/rstelemetry", 6513, "daveh", 1574008044223, input, "monthly_fees %>% "
61f837f6, "~/rstelemetry", 6513, "daveh", 1574008044226, input, "  select(`User ID` = username, starts_with('20'))  %>% "
61f837f6, "~/rstelemetry", 6513, "daveh", 1574008044228, input, "  datatable() %>% "
61f837f6, "~/rstelemetry", 6513, "daveh", 1574008044230, input, "  formatCurrency(data_cols, digits = 0)"
61f837f6, "~/rstelemetry", 6513, "daveh", 1574008044350, input, "csv_fee <- glue('rsp_mau_fees.csv')"
61f837f6, "~/rstelemetry", 6513, "daveh", 1574008044359, input, "write_csv(monthly_fees, csv_fee )"
61f837f6, "~/rstelemetry", 8355, "daveh", 1574010849177, input, "knitr::opts_chunk$set(echo = TRUE)"
61f837f6, "~/rstelemetry", 8355, "daveh", 1574010849183, input, ""
61f837f6, "~/rstelemetry", 8355, "daveh", 1574010849185, input, "library(tidyverse)"
61f837f6, "~/rstelemetry", 8355, "daveh", 1574010850156, input, "library(lubridate)"
61f837f6, "~/rstelemetry", 8355, "daveh", 1574010850170, input, "library(glue)"
61f837f6, "~/rstelemetry", 8355, "daveh", 1574010850265, input, "library(DT)"
61f837f6, "~/rstelemetry", 8355, "daveh", 1574010850301, input, ""
61f837f6, "~/rstelemetry", 8355, "daveh", 1574010850302, input, "rsp_log_dir <- 'audit/r-console'"
61f837f6, "~/rstelemetry", 8355, "daveh", 1574010850305, input, "rsp_mau_fee <- 1"
61f837f6, "~/rstelemetry", 8355, "daveh", 1574011080439, input, "library(readr)"
61f837f6, "~/rstelemetry", 8355, "daveh", 1574011080441, input, "daveh <- read_csv(""audit/r-console/daveh.csv"")"
61f837f6, "~/rstelemetry", 8355, "daveh", 1574011080473, input, "View(daveh)"
61f837f6, "~/rstelemetry", 8355, "daveh", 1574011086679, input, "View(daveh)"
61f837f6, "~/rstelemetry", 8355, "daveh", 1574013622780, input, "knitr::opts_chunk$set(echo = TRUE)"
61f837f6, "~/rstelemetry", 8355, "daveh", 1574013622783, input, ""
61f837f6, "~/rstelemetry", 8355, "daveh", 1574013622784, input, "library(tidyverse)"
61f837f6, "~/rstelemetry", 8355, "daveh", 1574013622787, input, "library(lubridate)"
61f837f6, "~/rstelemetry", 8355, "daveh", 1574013622791, input, "library(glue)"
61f837f6, "~/rstelemetry", 8355, "daveh", 1574013622793, input, "library(DT)"
61f837f6, "~/rstelemetry", 8355, "daveh", 1574013622797, input, ""
61f837f6, "~/rstelemetry", 8355, "daveh", 1574013622798, input, "rsp_log_dir <- 'audit/r-console'"
61f837f6, "~/rstelemetry", 8355, "daveh", 1574013622804, input, "rsp_mau_fee <- 1"
61f837f6, "~/rstelemetry", 8355, "daveh", 1574013626005, input, "read_log <- function(x) {"
61f837f6, "~/rstelemetry", 8355, "daveh", 1574013626008, input, "  readr::read_csv(x) %>% "
61f837f6, "~/rstelemetry", 8355, "daveh", 1574013626013, input, "    mutate(logfile = x) %>% "
61f837f6, "~/rstelemetry", 8355, "daveh", 1574013626016, input, "    mutate(time = as_datetime(timestamp/1e3),"
61f837f6, "~/rstelemetry", 8355, "daveh", 1574013626020, input, "           month = paste(year(time), month(time))) %>% "
61f837f6, "~/rstelemetry", 8355, "daveh", 1574013626023, input, "    filter(time >= today() - dyears(1)) %>% "
61f837f6, "~/rstelemetry", 8355, "daveh", 1574013626024, input, "    filter(type == ""input"")"
61f837f6, "~/rstelemetry", 8355, "daveh", 1574013626026, input, "}"
61f837f6, "~/rstelemetry", 8355, "daveh", 1574013626029, input, ""
61f837f6, "~/rstelemetry", 8355, "daveh", 1574013626030, input, "log_files <- list.files(rsp_log_dir, ""*\\.csv"", full.names = TRUE)"
61f837f6, "~/rstelemetry", 8355, "daveh", 1574013626033, input, "logs <- map_df(log_files, read_log) "
61f837f6, "~/rstelemetry", 8355, "daveh", 1574013626123, input, ""
61f837f6, "~/rstelemetry", 8355, "daveh", 1574013675019, input, "xx = logs"
61f837f6, "~/rstelemetry", 8355, "daveh", 1574013738588, input, "hour(logs$time)"
61f837f6, "~/rstelemetry", 8355, "daveh", 1574013775293, input, "  readr::read_csv(x) %>% "
61f837f6, "~/rstelemetry", 8355, "daveh", 1574013775295, input, "    mutate(logfile = x) %>% "
61f837f6, "~/rstelemetry", 8355, "daveh", 1574013775296, input, "    mutate(time = as_datetime(timestamp/1e3),"
61f837f6, "~/rstelemetry", 8355, "daveh", 1574013775299, input, "           month = paste(year(time), month(time))) %>% "
61f837f6, "~/rstelemetry", 8355, "daveh", 1574013775301, input, "    filter(time >= today() - dyears(1)) %>% "
61f837f6, "~/rstelemetry", 8355, "daveh", 1574013775304, input, "    filter(type == ""input"")"
61f837f6, "~/rstelemetry", 8355, "daveh", 1574013866062, input, "read_log <- function(x) {"
61f837f6, "~/rstelemetry", 8355, "daveh", 1574013866064, input, "  readr::read_csv(x) %>% "
61f837f6, "~/rstelemetry", 8355, "daveh", 1574013866066, input, "    mutate(logfile = x) %>% "
61f837f6, "~/rstelemetry", 8355, "daveh", 1574013866069, input, "    mutate(time = as_datetime(timestamp/1e3),"
61f837f6, "~/rstelemetry", 8355, "daveh", 1574013866071, input, "           month = paste(year(time), month(time)),"
61f837f6, "~/rstelemetry", 8355, "daveh", 1574013866074, input, "           hour = paste(year(time), month(time), day(time), hour(time), collapse = '-')) %>% "
61f837f6, "~/rstelemetry", 8355, "daveh", 1574013866076, input, "    filter(time >= today() - dyears(1)) %>% "
61f837f6, "~/rstelemetry", 8355, "daveh", 1574013866078, input, "    filter(type == ""input"")"
61f837f6, "~/rstelemetry", 8355, "daveh", 1574013866079, input, "}"
61f837f6, "~/rstelemetry", 8355, "daveh", 1574013866083, input, ""
61f837f6, "~/rstelemetry", 8355, "daveh", 1574013866084, input, "log_files <- list.files(rsp_log_dir, ""*\\.csv"", full.names = TRUE)"
61f837f6, "~/rstelemetry", 8355, "daveh", 1574013866090, input, "logs <- map_df(log_files, read_log) "
61f837f6, "~/rstelemetry", 8355, "daveh", 1574013866122, input, ""
61f837f6, "~/rstelemetry", 8355, "daveh", 1574013870323, input, "View(logs)"
61f837f6, "~/rstelemetry", 8355, "daveh", 1574013914610, input, "read_log <- function(x) {"
61f837f6, "~/rstelemetry", 8355, "daveh", 1574013914612, input, "  readr::read_csv(x) %>% "
61f837f6, "~/rstelemetry", 8355, "daveh", 1574013914615, input, "    mutate(logfile = x) %>% "
61f837f6, "~/rstelemetry", 8355, "daveh", 1574013914617, input, "    mutate(time = as_datetime(timestamp/1e3),"
61f837f6, "~/rstelemetry", 8355, "daveh", 1574013914619, input, "           month = paste(year(time), month(time)),"
61f837f6, "~/rstelemetry", 8355, "daveh", 1574013914622, input, "           hour = paste(year(time), month(time), day(time), hour(time), sep = '-')) %>% "
61f837f6, "~/rstelemetry", 8355, "daveh", 1574013914624, input, "    filter(time >= today() - dyears(1)) %>% "
61f837f6, "~/rstelemetry", 8355, "daveh", 1574013914626, input, "    filter(type == ""input"")"
61f837f6, "~/rstelemetry", 8355, "daveh", 1574013914629, input, "}"
61f837f6, "~/rstelemetry", 8355, "daveh", 1574013914632, input, ""
61f837f6, "~/rstelemetry", 8355, "daveh", 1574013914633, input, "log_files <- list.files(rsp_log_dir, ""*\\.csv"", full.names = TRUE)"
61f837f6, "~/rstelemetry", 8355, "daveh", 1574013914639, input, "logs <- map_df(log_files, read_log) "
61f837f6, "~/rstelemetry", 8355, "daveh", 1574013914700, input, ""
61f837f6, "~/rstelemetry", 8355, "daveh", 1574014468221, input, "server_counts <- logs %>% "
61f837f6, "~/rstelemetry", 8355, "daveh", 1574014468224, input, "  count(username, logfile)"
61f837f6, "~/rstelemetry", 8355, "daveh", 1574014471898, input, "View(server_counts)"
61f837f6, "~/rstelemetry", 8355, "daveh", 1574014554751, input, "knitr::opts_chunk$set(echo = TRUE)"
61f837f6, "~/rstelemetry", 8355, "daveh", 1574014554754, input, ""
61f837f6, "~/rstelemetry", 8355, "daveh", 1574014554756, input, "library(tidyverse)"
61f837f6, "~/rstelemetry", 8355, "daveh", 1574014554760, input, "library(lubridate)"
61f837f6, "~/rstelemetry", 8355, "daveh", 1574014554764, input, "library(glue)"
61f837f6, "~/rstelemetry", 8355, "daveh", 1574014554767, input, "library(DT)"
61f837f6, "~/rstelemetry", 8355, "daveh", 1574014554770, input, ""
61f837f6, "~/rstelemetry", 8355, "daveh", 1574014554771, input, "rsp_log_dir <- 'audit/r-console'"
61f837f6, "~/rstelemetry", 8355, "daveh", 1574014554775, input, "rsp_mau_fee <- 1"
61f837f6, "~/rstelemetry", 8355, "daveh", 1574014557196, input, "read_log <- function(x) {"
61f837f6, "~/rstelemetry", 8355, "daveh", 1574014557199, input, "  readr::read_csv(x) %>% "
61f837f6, "~/rstelemetry", 8355, "daveh", 1574014557201, input, "    mutate(logfile = x) %>% "
61f837f6, "~/rstelemetry", 8355, "daveh", 1574014557203, input, "    mutate(time = as_datetime(timestamp/1e3),"
61f837f6, "~/rstelemetry", 8355, "daveh", 1574014557206, input, "           month = paste(year(time), month(time)),"
61f837f6, "~/rstelemetry", 8355, "daveh", 1574014557209, input, "           hour = paste(year(time), month(time), day(time), hour(time), sep = '-')) %>% "
61f837f6, "~/rstelemetry", 8355, "daveh", 1574014557211, input, "    filter(time >= today() - dyears(1)) %>% "
61f837f6, "~/rstelemetry", 8355, "daveh", 1574014557214, input, "    filter(type == ""input"")"
61f837f6, "~/rstelemetry", 8355, "daveh", 1574014557216, input, "}"
61f837f6, "~/rstelemetry", 8355, "daveh", 1574014557219, input, ""
61f837f6, "~/rstelemetry", 8355, "daveh", 1574014557220, input, "log_files <- list.files(rsp_log_dir, ""*\\.csv"", full.names = TRUE)"
61f837f6, "~/rstelemetry", 8355, "daveh", 1574014557226, input, "logs <- map_df(log_files, read_log) "
61f837f6, "~/rstelemetry", 8355, "daveh", 1574014557277, input, ""
61f837f6, "~/rstelemetry", 8355, "daveh", 1574014562151, input, "server_counts <- logs %>% "
61f837f6, "~/rstelemetry", 8355, "daveh", 1574014562153, input, "  count(username, logfile)"
61f837f6, "~/rstelemetry", 8355, "daveh", 1574014582994, input, "server_counts <- logs %>% "
61f837f6, "~/rstelemetry", 8355, "daveh", 1574014582997, input, "  count(username, logfile) %>% "
61f837f6, "~/rstelemetry", 8355, "daveh", 1574014582999, input, "  count(username)"
61f837f6, "~/rstelemetry", 8355, "daveh", 1574014624916, input, "server_counts <- logs %>% "
61f837f6, "~/rstelemetry", 8355, "daveh", 1574014624919, input, "  count(username, logfile) %>% "
61f837f6, "~/rstelemetry", 8355, "daveh", 1574014624920, input, "  count(username, name = n_server)"
61f837f6, "~/rstelemetry", 8355, "daveh", 1574014632596, input, "server_counts <- logs %>% "
61f837f6, "~/rstelemetry", 8355, "daveh", 1574014632600, input, "  count(username, logfile) %>% "
61f837f6, "~/rstelemetry", 8355, "daveh", 1574014632603, input, "  count(username, name = 'n_server')"
61f837f6, "~/rstelemetry", 8355, "daveh", 1574014716040, input, "monthly_stats <- logs %>% "
61f837f6, "~/rstelemetry", 8355, "daveh", 1574014716043, input, "  count(logfile, username, month, hour, name = 'hourly_activity') # %>% "
61f837f6, "~/rstelemetry", 8355, "daveh", 1574014724026, input, "View(monthly_stats)"
61f837f6, "~/rstelemetry", 8355, "daveh", 1574014776889, input, "monthly_stats <- logs %>% "
61f837f6, "~/rstelemetry", 8355, "daveh", 1574014776891, input, "  count(username, month, hour, name = 'hourly_activity') # %>% "
61f837f6, "~/rstelemetry", 8355, "daveh", 1574015547073, input, "library(readr)"
61f837f6, "~/rstelemetry", 8355, "daveh", 1574015547075, input, "rstudio2 <- read_csv(""audit/r-console/rstudio2.csv"")"
61f837f6, "~/rstelemetry", 8355, "daveh", 1574015547082, input, "View(rstudio2)"
61f837f6, "~/rstelemetry", 8355, "daveh", 1574015551115, input, "View(rstudio2)"
61f837f6, "~/rstelemetry", 8355, "daveh", 1574015564786, input, "knitr::opts_chunk$set(echo = TRUE)"
61f837f6, "~/rstelemetry", 8355, "daveh", 1574015564790, input, ""
61f837f6, "~/rstelemetry", 8355, "daveh", 1574015564792, input, "library(tidyverse)"
61f837f6, "~/rstelemetry", 8355, "daveh", 1574015564798, input, "library(lubridate)"
61f837f6, "~/rstelemetry", 8355, "daveh", 1574015564802, input, "library(glue)"
61f837f6, "~/rstelemetry", 8355, "daveh", 1574015564806, input, "library(DT)"
61f837f6, "~/rstelemetry", 8355, "daveh", 1574015564808, input, ""
61f837f6, "~/rstelemetry", 8355, "daveh", 1574015564810, input, "rsp_log_dir <- 'audit/r-console'"
61f837f6, "~/rstelemetry", 8355, "daveh", 1574015564814, input, "rsp_mau_fee <- 1"
61f837f6, "~/rstelemetry", 8355, "daveh", 1574015567248, input, "read_log <- function(x) {"
61f837f6, "~/rstelemetry", 8355, "daveh", 1574015567251, input, "  readr::read_csv(x) %>% "
61f837f6, "~/rstelemetry", 8355, "daveh", 1574015567253, input, "    mutate(logfile = x) %>% "
61f837f6, "~/rstelemetry", 8355, "daveh", 1574015567255, input, "    mutate(time = as_datetime(timestamp/1e3),"
61f837f6, "~/rstelemetry", 8355, "daveh", 1574015567258, input, "           month = paste(year(time), month(time)),"
61f837f6, "~/rstelemetry", 8355, "daveh", 1574015567260, input, "           hour = paste(year(time), month(time), day(time), hour(time), sep = '-')) %>% "
61f837f6, "~/rstelemetry", 8355, "daveh", 1574015567262, input, "    filter(time >= today() - dyears(1)) %>% "
61f837f6, "~/rstelemetry", 8355, "daveh", 1574015567266, input, "    filter(type == ""input"")"
61f837f6, "~/rstelemetry", 8355, "daveh", 1574015567269, input, "}"
61f837f6, "~/rstelemetry", 8355, "daveh", 1574015567275, input, ""
61f837f6, "~/rstelemetry", 8355, "daveh", 1574015567276, input, "log_files <- list.files(rsp_log_dir, ""*\\.csv"", full.names = TRUE)"
61f837f6, "~/rstelemetry", 8355, "daveh", 1574015567281, input, "logs <- map_df(log_files, read_log) "
61f837f6, "~/rstelemetry", 8355, "daveh", 1574015567335, input, ""
61f837f6, "~/rstelemetry", 8355, "daveh", 1574015572881, input, "server_counts <- logs %>% "
61f837f6, "~/rstelemetry", 8355, "daveh", 1574015572885, input, "  count(username, logfile) %>% "
61f837f6, "~/rstelemetry", 8355, "daveh", 1574015572887, input, "  count(username, name = 'n_server')"
61f837f6, "~/rstelemetry", 8355, "daveh", 1574015704236, input, "read_log <- function(x) {"
61f837f6, "~/rstelemetry", 8355, "daveh", 1574015704239, input, "  readr::read_csv(x) %>% "
61f837f6, "~/rstelemetry", 8355, "daveh", 1574015704241, input, "    mutate(logfile = x) %>% "
61f837f6, "~/rstelemetry", 8355, "daveh", 1574015704244, input, "    mutate(time = as_datetime(timestamp/1e3),"
61f837f6, "~/rstelemetry", 8355, "daveh", 1574015704248, input, "           month = paste(year(time), month(time)),"
61f837f6, "~/rstelemetry", 8355, "daveh", 1574015704251, input, "           hour = paste(year(time), month(time), day(time), hour(time), sep = '-')) %>% "
61f837f6, "~/rstelemetry", 8355, "daveh", 1574015704254, input, "    filter(time >= today() - dyears(1)) %>% "
61f837f6, "~/rstelemetry", 8355, "daveh", 1574015704258, input, "    filter(type == ""input"")"
61f837f6, "~/rstelemetry", 8355, "daveh", 1574015704262, input, "}"
61f837f6, "~/rstelemetry", 8355, "daveh", 1574015704267, input, ""
61f837f6, "~/rstelemetry", 8355, "daveh", 1574015704268, input, "log_files <- list.files(rsp_log_dir, ""*\\.csv"", full.names = TRUE)"
61f837f6, "~/rstelemetry", 8355, "daveh", 1574015704274, input, "logs <- map_df(log_files, read_log) "
61f837f6, "~/rstelemetry", 8355, "daveh", 1574015704365, input, ""
61f837f6, "~/rstelemetry", 8355, "daveh", 1574015711457, input, "server_counts <- logs %>% "
61f837f6, "~/rstelemetry", 8355, "daveh", 1574015711460, input, "  count(username, logfile) %>% "
61f837f6, "~/rstelemetry", 8355, "daveh", 1574015711463, input, "  count(username, name = 'n_server')"
61f837f6, "~/rstelemetry", 8355, "daveh", 1574015728902, input, "View(server_counts)"
61f837f6, "~/rstelemetry", 8355, "daveh", 1574015779921, input, "log_files"
61f837f6, "~/rstelemetry", 8355, "daveh", 1574015827168, input, "mv rstudio2.csvx rstudio2.xcsv"
61f837f6, "~/rstelemetry", 8355, "daveh", 1574015856917, input, "read_log <- function(x) {"
61f837f6, "~/rstelemetry", 8355, "daveh", 1574015856922, input, "  readr::read_csv(x) %>% "
61f837f6, "~/rstelemetry", 8355, "daveh", 1574015856925, input, "    mutate(logfile = x) %>% "
61f837f6, "~/rstelemetry", 8355, "daveh", 1574015856928, input, "    mutate(time = as_datetime(timestamp/1e3),"
61f837f6, "~/rstelemetry", 8355, "daveh", 1574015856931, input, "           month = paste(year(time), month(time)),"
61f837f6, "~/rstelemetry", 8355, "daveh", 1574015856933, input, "           hour = paste(year(time), month(time), day(time), hour(time), sep = '-')) %>% "
61f837f6, "~/rstelemetry", 8355, "daveh", 1574015856935, input, "    filter(time >= today() - dyears(1)) %>% "
61f837f6, "~/rstelemetry", 8355, "daveh", 1574015856937, input, "    filter(type == ""input"")"
61f837f6, "~/rstelemetry", 8355, "daveh", 1574015856941, input, "}"
61f837f6, "~/rstelemetry", 8355, "daveh", 1574015856944, input, ""
61f837f6, "~/rstelemetry", 8355, "daveh", 1574015856947, input, "log_files <- list.files(rsp_log_dir, ""*\\.csv"", full.names = TRUE)"
61f837f6, "~/rstelemetry", 8355, "daveh", 1574015856953, input, "logs <- map_df(log_files, read_log) "
61f837f6, "~/rstelemetry", 8355, "daveh", 1574015857046, input, ""
61f837f6, "~/rstelemetry", 8355, "daveh", 1574015873364, input, "server_counts <- logs %>% "
61f837f6, "~/rstelemetry", 8355, "daveh", 1574015873368, input, "  count(username, logfile) %>% "
61f837f6, "~/rstelemetry", 8355, "daveh", 1574015873370, input, "  count(username, name = 'n_server')"
61f837f6, "~/rstelemetry", 8355, "daveh", 1574015921991, input, "server_counts"
61f837f6, "~/rstelemetry", 8355, "daveh", 1574015936817, input, "monthly_stats <- logs %>% "
61f837f6, "~/rstelemetry", 8355, "daveh", 1574015936820, input, "  count(username, month, hour, name = 'hourly_activity') # %>% "
61f837f6, "~/rstelemetry", 8355, "daveh", 1574016023913, input, "monthly_stats <- logs %>% "
61f837f6, "~/rstelemetry", 8355, "daveh", 1574016023916, input, "  count(logfile, username, month, hour, name = 'hourly_activity') # %>% "
61f837f6, "~/rstelemetry", 8355, "daveh", 1574016045456, input, "monthly_stats <- logs %>% "
61f837f6, "~/rstelemetry", 8355, "daveh", 1574016045458, input, "  count(username, month, hour, name = 'hourly_activity') # %>% "
61f837f6, "~/rstelemetry", 8355, "daveh", 1574016157868, input, "monthly_stats <- logs %>% "
61f837f6, "~/rstelemetry", 8355, "daveh", 1574016157872, input, "  count(username, month, hour, name = 'hourly_activity') %>% "
61f837f6, "~/rstelemetry", 8355, "daveh", 1574016157874, input, "  count(username, month)"
61f837f6, "~/rstelemetry", 8355, "daveh", 1574016174854, input, "logs %>% "
61f837f6, "~/rstelemetry", 8355, "daveh", 1574016174858, input, "  count(username, month, hour, name = 'hourly_activity')"
61f837f6, "~/rstelemetry", 8355, "daveh", 1574016184192, input, "monthly_stats <- logs %>% "
61f837f6, "~/rstelemetry", 8355, "daveh", 1574016184194, input, "  count(username, month, hour, name = 'hourly_activity')"
61f837f6, "~/rstelemetry", 8355, "daveh", 1574016190806, input, "xx = monthly_stats"
61f837f6, "~/rstelemetry", 8355, "daveh", 1574016195419, input, "View(xx)"
61f837f6, "~/rstelemetry", 8355, "daveh", 1574016226728, input, "monthly_stats <- logs %>% "
61f837f6, "~/rstelemetry", 8355, "daveh", 1574016226731, input, "  count(username, month, hour, name = 'hourly_activity') %>% "
61f837f6, "~/rstelemetry", 8355, "daveh", 1574016226733, input, "  count(username, month)"
61f837f6, "~/rstelemetry", 8355, "daveh", 1574016326790, input, "monthly_stats <- logs %>% "
61f837f6, "~/rstelemetry", 8355, "daveh", 1574016326793, input, "  count(username, month, hour, name = 'hourly_activity') %>% "
61f837f6, "~/rstelemetry", 8355, "daveh", 1574016326795, input, "  count(username, month, name = n_hours) %>% "
61f837f6, "~/rstelemetry", 8355, "daveh", 1574016326797, input, "  spread(month, n_hours, fill = 0) "
61f837f6, "~/rstelemetry", 8355, "daveh", 1574016338330, input, "monthly_stats <- logs %>% "
61f837f6, "~/rstelemetry", 8355, "daveh", 1574016338333, input, "  count(username, month, hour, name = 'hourly_activity') %>% "
61f837f6, "~/rstelemetry", 8355, "daveh", 1574016338335, input, "  count(username, month, name = 'n_hours') %>% "
61f837f6, "~/rstelemetry", 8355, "daveh", 1574016338338, input, "  spread(month, n_hours, fill = 0) "
61f837f6, "~/rstelemetry", 8355, "daveh", 1574016489106, input, "user_stats <- logs %>% "
61f837f6, "~/rstelemetry", 8355, "daveh", 1574016489108, input, "  group_by(logfile, username) %>% "
61f837f6, "~/rstelemetry", 8355, "daveh", 1574016489110, input, "  summarise(ts_first = min(time),"
61f837f6, "~/rstelemetry", 8355, "daveh", 1574016489112, input, "            ts_last = max(time)) %>% "
61f837f6, "~/rstelemetry", 8355, "daveh", 1574016489115, input, "  group_by(username) %>% "
61f837f6, "~/rstelemetry", 8355, "daveh", 1574016489117, input, "  summarise(product = 'RSP',"
61f837f6, "~/rstelemetry", 8355, "daveh", 1574016489120, input, "            n_servers = n(),"
61f837f6, "~/rstelemetry", 8355, "daveh", 1574016489122, input, "            ts_first = min(ts_first),"
61f837f6, "~/rstelemetry", 8355, "daveh", 1574016489125, input, "            ts_last = max(ts_first),"
61f837f6, "~/rstelemetry", 8355, "daveh", 1574016489127, input, "            access = NA) %>% "
61f837f6, "~/rstelemetry", 8355, "daveh", 1574016489129, input, "  left_join(monthly_stats, by = 'username') "
61f837f6, "~/rstelemetry", 8355, "daveh", 1574016498307, input, "View(user_stats)"
61f837f6, "~/rstelemetry", 8355, "daveh", 1574016584209, input, "monthly_stats <- logs %>% "
61f837f6, "~/rstelemetry", 8355, "daveh", 1574016584212, input, "  count(username, month, hour, name = 'hourly_activity') %>% "
61f837f6, "~/rstelemetry", 8355, "daveh", 1574016584215, input, "  count(username, month, name = 'n_hours') %>% "
61f837f6, "~/rstelemetry", 8355, "daveh", 1574016584217, input, "  spread(month, n_hours, fill = 0) "
61f837f6, "~/rstelemetry", 8355, "daveh", 1574016584230, input, ""
61f837f6, "~/rstelemetry", 8355, "daveh", 1574016584231, input, "user_stats <- logs %>% "
61f837f6, "~/rstelemetry", 8355, "daveh", 1574016584233, input, "  group_by(logfile, username) %>% "
61f837f6, "~/rstelemetry", 8355, "daveh", 1574016584235, input, "  summarise(ts_first = min(time),"
61f837f6, "~/rstelemetry", 8355, "daveh", 1574016584237, input, "            ts_last = max(time)) %>% "
61f837f6, "~/rstelemetry", 8355, "daveh", 1574016584240, input, "  group_by(username) %>% "
61f837f6, "~/rstelemetry", 8355, "daveh", 1574016584242, input, "  summarise(product = 'RSP',"
61f837f6, "~/rstelemetry", 8355, "daveh", 1574016584246, input, "            n_servers = n(),"
61f837f6, "~/rstelemetry", 8355, "daveh", 1574016584249, input, "            ts_first = min(ts_first),"
61f837f6, "~/rstelemetry", 8355, "daveh", 1574016584253, input, "            ts_last = max(ts_first),"
61f837f6, "~/rstelemetry", 8355, "daveh", 1574016584256, input, "            access = NA) %>% "
61f837f6, "~/rstelemetry", 8355, "daveh", 1574016584259, input, "  left_join(monthly_stats, by = 'username') "
61f837f6, "~/rstelemetry", 8355, "daveh", 1574016584278, input, ""
61f837f6, "~/rstelemetry", 8355, "daveh", 1574016584279, input, ""
61f837f6, "~/rstelemetry", 8355, "daveh", 1574016584282, input, "named_users <- user_stats %>% nrow()"
61f837f6, "~/rstelemetry", 8355, "daveh", 1574016599514, input, "user_stats %>% "
61f837f6, "~/rstelemetry", 8355, "daveh", 1574016599526, input, "  select(`User ID` = username, Product = product, `# of Servers` = n_servers, "
61f837f6, "~/rstelemetry", 8355, "daveh", 1574016599528, input, "         `First Session` = ts_first, `Last Session` = ts_last, starts_with('20'))  %>% "
61f837f6, "~/rstelemetry", 8355, "daveh", 1574016599531, input, "  datatable() %>% "
61f837f6, "~/rstelemetry", 8355, "daveh", 1574016599533, input, "  formatDate(c('First Session', 'Last Session'))"
61f837f6, "~/rstelemetry", 8355, "daveh", 1574016651590, input, "user_stats %>% "
61f837f6, "~/rstelemetry", 8355, "daveh", 1574016651594, input, "  select(`User ID` = username, Product = product, `# of Servers` = n_servers, "
61f837f6, "~/rstelemetry", 8355, "daveh", 1574016651596, input, "         `First Session` = ts_first, `Last Session` = ts_last, starts_with('20'))  %>% "
61f837f6, "~/rstelemetry", 8355, "daveh", 1574016651599, input, "  datatable() %>% "
61f837f6, "~/rstelemetry", 8355, "daveh", 1574016651602, input, "  formatDate(c('First Session', 'Last Session'))"
61f837f6, "~/rstelemetry", 8355, "daveh", 1574016684990, input, "csv_mau <- glue('rsp_active_users.csv')"
61f837f6, "~/rstelemetry", 8355, "daveh", 1574016684996, input, "csv_fee <- glue('rsp_mau_fees.csv')"
61f837f6, "~/rstelemetry", 8355, "daveh", 1574016685001, input, "write_csv(user_stats, csv_mau )"
61f837f6, "~/rstelemetry", 8355, "daveh", 1574016753445, input, "csv_mau <- glue('rsp_active_user_hours.csv')"
61f837f6, "~/rstelemetry", 8355, "daveh", 1574016753453, input, "csv_fee <- glue('rsp_mau_fees.csv')"
61f837f6, "~/rstelemetry", 8355, "daveh", 1574016753459, input, "write_csv(user_stats, csv_mau )"
61f837f6, "~/rstelemetry", 8355, "daveh", 1574016760179, input, "monthly_fees_long <- logs %>% "
61f837f6, "~/rstelemetry", 8355, "daveh", 1574016760184, input, "  group_by(username, month) %>% "
61f837f6, "~/rstelemetry", 8355, "daveh", 1574016760186, input, "  summarise(fee = rsp_mau_fee * (n() > 1)) "
61f837f6, "~/rstelemetry", 8355, "daveh", 1574016760197, input, ""
61f837f6, "~/rstelemetry", 8355, "daveh", 1574016760199, input, "monthly_fees <- monthly_fees_long %>% "
61f837f6, "~/rstelemetry", 8355, "daveh", 1574016760202, input, "  spread(month, fee, fill = 0) "
61f837f6, "~/rstelemetry", 8355, "daveh", 1574016760217, input, ""
61f837f6, "~/rstelemetry", 8355, "daveh", 1574016760218, input, "total_fees <- sum(monthly_fees_long$fee)"
61f837f6, "~/rstelemetry", 8355, "daveh", 1574016760222, input, ""
61f837f6, "~/rstelemetry", 8355, "daveh", 1574016760223, input, "data_cols <- names(monthly_fees)[starts_with('20', vars = names(monthly_fees))]"
61f837f6, "~/rstelemetry", 8355, "daveh", 1574016760227, input, "monthly_fees %>% "
61f837f6, "~/rstelemetry", 8355, "daveh", 1574016760229, input, "  select(`User ID` = username, starts_with('20'))  %>% "
61f837f6, "~/rstelemetry", 8355, "daveh", 1574016760231, input, "  datatable() %>% "
61f837f6, "~/rstelemetry", 8355, "daveh", 1574016760234, input, "  formatCurrency(data_cols, digits = 0)"
