ID,Time,Action,EventDescription,UserId,UserDescription
184,2019-07-05 07:12:00 +0000 UTC,remove_rendering,Removed rendering 13 for app 3 variant 9,0,Obsolete rendering remover
183,2019-06-20 22:01:00 +0000 UTC,remove_variant,Removed variant 20 (qp2KWLZge1) from app 3,0,Obsolete ad-hoc variant remover
182,2019-06-20 22:01:00 +0000 UTC,remove_variant,Removed variant 19 (mEODX1p3DE) from app 3,0,Obsolete ad-hoc variant remover
181,2019-06-19 22:01:00 +0000 UTC,remove_variant,Removed variant 18 (J9mn2LscNd) from app 3,0,Obsolete ad-hoc variant remover
180,2019-06-19 22:01:00 +0000 UTC,remove_variant,Removed variant 17 (Mzc4UIuvmV) from app 3,0,Obsolete ad-hoc variant remover
179,2019-06-15 10:11:00 +0000 UTC,remove_variant,Removed variant 13 (OgGQ6oEkBK) from app 3,0,Obsolete ad-hoc variant remover
178,2019-06-15 10:11:00 +0000 UTC,remove_variant,Removed variant 11 (REHfIhwDF7) from app 3,0,Obsolete ad-hoc variant remover
177,2019-06-13 11:39:00 +0000 UTC,remove_rendering,Removed rendering 29 for app 3 variant 20,0,Obsolete rendering remover
176,2019-06-13 08:35:00 +0000 UTC,create_variant_manual_overrides,Created new overrides (174b6e24-c2ef-489e-9187-32d6fdc4eb5e) for variant 9 (cons_16) for app 3,4,Profound Publisher (publisher)
175,2019-06-13 08:35:00 +0000 UTC,create_variant_manual_overrides,Created new overrides (332864df-0f1b-424c-99be-9764cfd0379b) for variant 5 (Agro 18) for app 3,4,Profound Publisher (publisher)
174,2019-06-13 08:35:00 +0000 UTC,variant_render,Received a request to render variant 20 (qp2KWLZge1) for app 3,4,Profound Publisher (publisher)
173,2019-06-13 08:35:00 +0000 UTC,promote_variant_manual_overrides,Promoted overrides (20) for variant 20 (qp2KWLZge1) for app 3,4,Profound Publisher (publisher)
172,2019-06-13 08:35:00 +0000 UTC,duplicate_variant,Created variant 20 (qp2KWLZge1) for app 3 as a duplicate of variant 2 (default),4,Profound Publisher (publisher)
171,2019-06-13 08:34:00 +0000 UTC,create_variant_manual_overrides,Created new overrides (4b461821-1f2e-436e-9e5b-e13e528a3eaf) for variant 2 (default) for app 3,4,Profound Publisher (publisher)
170,2019-06-12 23:05:00 +0000 UTC,remove_rendering,Removed rendering 27 for app 3 variant 19,0,Obsolete rendering remover
169,2019-06-12 22:23:00 +0000 UTC,create_variant_manual_overrides,Created new overrides (2c3181fc-f575-44d2-86d5-58009000db6c) for variant 5 (Agro 18) for app 3,4,Profound Publisher (publisher)
168,2019-06-12 22:23:00 +0000 UTC,variant_render,Received a request to render variant 19 (mEODX1p3DE) for app 3,4,Profound Publisher (publisher)
167,2019-06-12 22:23:00 +0000 UTC,promote_variant_manual_overrides,Promoted overrides (19) for variant 19 (mEODX1p3DE) for app 3,4,Profound Publisher (publisher)
166,2019-06-12 22:23:00 +0000 UTC,duplicate_variant,Created variant 19 (mEODX1p3DE) for app 3 as a duplicate of variant 2 (default),4,Profound Publisher (publisher)
165,2019-06-12 22:22:00 +0000 UTC,create_variant_manual_overrides,Created new overrides (cc903ff6-53b2-4c78-a42f-e620ea2e82e1) for variant 2 (default) for app 3,4,Profound Publisher (publisher)
164,2019-06-12 22:05:00 +0000 UTC,remove_rendering,Removed rendering 25 for app 3 variant 18,0,Obsolete rendering remover
163,2019-06-12 21:48:00 +0000 UTC,create_variant_manual_overrides,Created new overrides (cb325e3b-877e-43fa-9d9b-9ded6335b199) for variant 5 (Agro 18) for app 3,4,Profound Publisher (publisher)
162,2019-06-12 21:48:00 +0000 UTC,variant_render,Received a request to render variant 18 (J9mn2LscNd) for app 3,4,Profound Publisher (publisher)
161,2019-06-12 21:48:00 +0000 UTC,promote_variant_manual_overrides,Promoted overrides (18) for variant 18 (J9mn2LscNd) for app 3,4,Profound Publisher (publisher)
160,2019-06-12 21:48:00 +0000 UTC,duplicate_variant,Created variant 18 (J9mn2LscNd) for app 3 as a duplicate of variant 2 (default),4,Profound Publisher (publisher)
159,2019-06-12 21:47:00 +0000 UTC,create_variant_manual_overrides,Created new overrides (60e5dc45-dc27-416f-b77c-b3e79b363295) for variant 2 (default) for app 3,4,Profound Publisher (publisher)
158,2019-06-12 09:05:00 +0000 UTC,remove_variant,Removed variant 8 (ChVHkVOL6c) from app 3,0,Obsolete ad-hoc variant remover
157,2019-06-12 09:05:00 +0000 UTC,remove_variant,Removed variant 4 (ccmlSCrDrT) from app 3,0,Obsolete ad-hoc variant remover
156,2019-06-12 09:05:00 +0000 UTC,remove_rendering,Removed rendering 23 for app 3 variant 17,0,Obsolete rendering remover
155,2019-06-12 08:57:00 +0000 UTC,create_variant_manual_overrides,Created new overrides (bfef0522-d63b-4f84-a081-78cd5a659a3a) for variant 9 (cons_16) for app 3,4,Profound Publisher (publisher)
154,2019-06-12 08:57:00 +0000 UTC,variant_render,Received a request to render variant 17 (Mzc4UIuvmV) for app 3,4,Profound Publisher (publisher)
153,2019-06-12 08:57:00 +0000 UTC,promote_variant_manual_overrides,Promoted overrides (17) for variant 17 (Mzc4UIuvmV) for app 3,4,Profound Publisher (publisher)
152,2019-06-12 08:57:00 +0000 UTC,duplicate_variant,Created variant 17 (Mzc4UIuvmV) for app 3 as a duplicate of variant 2 (default),4,Profound Publisher (publisher)
151,2019-06-12 08:56:00 +0000 UTC,create_variant_manual_overrides,Created new overrides (0bc3024c-5093-4615-ab15-6b386ce9353d) for variant 2 (default) for app 3,4,Profound Publisher (publisher)
150,2019-06-12 08:56:00 +0000 UTC,create_variant_manual_overrides,Created new overrides (dc91e54a-0208-487b-a1f1-5bdd5c350b05) for variant 1 (default) for app 2,4,Profound Publisher (publisher)
149,2019-06-12 08:49:00 +0000 UTC,remove_application,Removed application mtcars_wed1,4,Profound Publisher (publisher)
148,2019-06-12 08:48:00 +0000 UTC,edit_application,Edited application mtcars_wed1: access_type: acl => all,4,Profound Publisher (publisher)
147,2019-06-12 08:48:00 +0000 UTC,add_vanity,Added vanity url /mtcars/ for app 16,4,Profound Publisher (publisher)
146,2019-06-12 08:47:00 +0000 UTC,edit_application,Edited application mtcars_wed1: no differences,4,Profound Publisher (publisher)
145,2019-06-12 08:47:00 +0000 UTC,add_image_to_app,Added image with MD5 ending in 'c7351bf05c' to app mtcars_wed1,4,Profound Publisher (publisher)
144,2019-06-12 08:45:00 +0000 UTC,edit_user,"Edited user Profound Publisher (publisher): user_role: publisher => administrator, updated_time: 2019-05-07 04:14:44.910432385 +0000 UTC => 2019-06-12 08:45:38.200940912 +0000 UTC",2,Awesome Admin (admin)
143,2019-06-12 08:45:00 +0000 UTC,deploy_application,Deployed bundle /var/lib/rstudio-connect/bundles/app-16-18.tar.gz to application mtcars_wed1,4,Profound Publisher (publisher)
142,2019-06-12 08:45:00 +0000 UTC,upload_bundle,Uploaded bundle for app mtcars_wed1 (103417 bytes),4,Profound Publisher (publisher)
141,2019-06-12 08:44:00 +0000 UTC,add_application,Created application mtcars_wed1,4,Profound Publisher (publisher)
140,2019-06-12 08:41:00 +0000 UTC,remove_application,Removed application car_mileage,4,Profound Publisher (publisher)
139,2019-06-12 08:37:00 +0000 UTC,deploy_application,Deployed bundle /var/lib/rstudio-connect/bundles/app-15-17.tar.gz to application car_mileage,4,Profound Publisher (publisher)
138,2019-06-12 08:37:00 +0000 UTC,upload_bundle,Uploaded bundle for app car_mileage (103438 bytes),4,Profound Publisher (publisher)
137,2019-06-12 08:37:00 +0000 UTC,add_application,Created application car_mileage,4,Profound Publisher (publisher)
136,2019-06-12 08:35:00 +0000 UTC,remove_application,Removed application mtcars_wed1xx1,4,Profound Publisher (publisher)
135,2019-06-06 15:55:00 +0000 UTC,deploy_application,Deployed bundle /var/lib/rstudio-connect/bundles/app-14-16.tar.gz to application mtcars_wed1xx1,4,Profound Publisher (publisher)
134,2019-06-06 15:55:00 +0000 UTC,upload_bundle,Uploaded bundle for app mtcars_wed1xx1 (103421 bytes),4,Profound Publisher (publisher)
133,2019-06-06 15:54:00 +0000 UTC,add_application,Created application mtcars_wed1xx1,4,Profound Publisher (publisher)
132,2019-06-06 15:42:00 +0000 UTC,create_variant_manual_overrides,Created new overrides (7d3af1ad-5873-46f8-9ef4-471c4846ecd8) for variant 2 (default) for app 3,4,Profound Publisher (publisher)
131,2019-06-06 13:06:00 +0000 UTC,remove_rendering,Removed rendering 18 for app 3 variant 13,0,Obsolete rendering remover
130,2019-06-06 12:26:00 +0000 UTC,variant_render,Received a request to render variant 13 (OgGQ6oEkBK) for app 3,4,Profound Publisher (publisher)
129,2019-06-06 12:26:00 +0000 UTC,promote_variant_manual_overrides,Promoted overrides (13) for variant 13 (OgGQ6oEkBK) for app 3,4,Profound Publisher (publisher)
128,2019-06-06 12:26:00 +0000 UTC,duplicate_variant,Created variant 13 (OgGQ6oEkBK) for app 3 as a duplicate of variant 2 (default),4,Profound Publisher (publisher)
127,2019-06-06 12:25:00 +0000 UTC,create_variant_manual_overrides,Created new overrides (4edd3b29-0f04-4f8a-82f5-dab428365ee7) for variant 2 (default) for app 3,4,Profound Publisher (publisher)
126,2019-06-06 07:22:00 +0000 UTC,remove_rendering,Removed rendering 15 for app 3 variant 11,0,Obsolete rendering remover
125,2019-06-06 06:31:00 +0000 UTC,remove_application,Removed application zzmtcars_wed1,4,Profound Publisher (publisher)
124,2019-06-06 06:30:00 +0000 UTC,edit_application,Edited application zzmtcars_wed1: no differences,4,Profound Publisher (publisher)
123,2019-06-06 06:30:00 +0000 UTC,add_image_to_app,Added image with MD5 ending in 'c7351bf05c' to app zzmtcars_wed1,4,Profound Publisher (publisher)
122,2019-06-06 06:28:00 +0000 UTC,deploy_application,Deployed bundle /var/lib/rstudio-connect/bundles/app-13-15.tar.gz to application zzmtcars_wed1,4,Profound Publisher (publisher)
121,2019-06-06 06:28:00 +0000 UTC,upload_bundle,Uploaded bundle for app zzmtcars_wed1 (103424 bytes),4,Profound Publisher (publisher)
120,2019-06-06 06:27:00 +0000 UTC,add_application,Created application zzmtcars_wed1,4,Profound Publisher (publisher)
119,2019-06-06 06:24:00 +0000 UTC,create_variant_manual_overrides,Created new overrides (b50bb50b-3ff6-4b3b-9d9e-000982dd102c) for variant 9 (cons_16) for app 3,4,Profound Publisher (publisher)
118,2019-06-06 06:24:00 +0000 UTC,variant_render,Received a request to render variant 11 (REHfIhwDF7) for app 3,4,Profound Publisher (publisher)
117,2019-06-06 06:24:00 +0000 UTC,promote_variant_manual_overrides,Promoted overrides (11) for variant 11 (REHfIhwDF7) for app 3,4,Profound Publisher (publisher)
116,2019-06-06 06:24:00 +0000 UTC,duplicate_variant,Created variant 11 (REHfIhwDF7) for app 3 as a duplicate of variant 2 (default),4,Profound Publisher (publisher)
115,2019-06-06 06:23:00 +0000 UTC,create_variant_manual_overrides,Created new overrides (16f792a9-b2c2-400d-bf4a-07347d54ec2d) for variant 2 (default) for app 3,4,Profound Publisher (publisher)
114,2019-06-06 05:22:00 +0000 UTC,remove_rendering,Removed rendering 12 for app 3 variant 9,0,Obsolete rendering remover
113,2019-06-06 05:22:00 +0000 UTC,remove_rendering,Removed rendering 10 for app 3 variant 8,0,Obsolete rendering remover
112,2019-06-06 05:22:00 +0000 UTC,remove_rendering,Removed rendering 6 for app 3 variant 5,0,Obsolete rendering remover
111,2019-06-06 05:22:00 +0000 UTC,remove_rendering,Removed rendering 4 for app 3 variant 4,0,Obsolete rendering remover
110,2019-06-06 05:18:00 +0000 UTC,remove_application,Removed application zz_publish_sqlite,4,Profound Publisher (publisher)
109,2019-06-06 05:18:00 +0000 UTC,remove_application,Removed application zz3_sqlite,4,Profound Publisher (publisher)
108,2019-06-06 05:17:00 +0000 UTC,deploy_application,Deployed bundle /var/lib/rstudio-connect/bundles/app-12-14.tar.gz to application zz3_sqlite,4,Profound Publisher (publisher)
107,2019-06-06 05:17:00 +0000 UTC,upload_bundle,Uploaded bundle for app zz3_sqlite (67956 bytes),4,Profound Publisher (publisher)
106,2019-06-06 05:17:00 +0000 UTC,add_application,Created application zz3_sqlite,4,Profound Publisher (publisher)
105,2019-06-06 05:14:00 +0000 UTC,deploy_application,Deployed bundle /var/lib/rstudio-connect/bundles/app-11-13.tar.gz to application zz_publish_sqlite,4,Profound Publisher (publisher)
104,2019-06-06 05:14:00 +0000 UTC,upload_bundle,Uploaded bundle for app zz_publish_sqlite (67964 bytes),4,Profound Publisher (publisher)
103,2019-06-06 00:37:00 +0000 UTC,deploy_application,Deployed bundle /var/lib/rstudio-connect/bundles/app-11-12.tar.gz to application zz_publish_sqlite,4,Profound Publisher (publisher)
102,2019-06-06 00:37:00 +0000 UTC,upload_bundle,Uploaded bundle for app zz_publish_sqlite (67969 bytes),4,Profound Publisher (publisher)
101,2019-06-06 00:29:00 +0000 UTC,deploy_application,Deployed bundle /var/lib/rstudio-connect/bundles/app-11-11.tar.gz to application zz_publish_sqlite,4,Profound Publisher (publisher)
100,2019-06-06 00:29:00 +0000 UTC,upload_bundle,Uploaded bundle for app zz_publish_sqlite (67985 bytes),4,Profound Publisher (publisher)
99,2019-06-06 00:29:00 +0000 UTC,add_application,Created application zz_publish_sqlite,4,Profound Publisher (publisher)
98,2019-06-05 07:12:00 +0000 UTC,remove_application,Removed application mtcars_wed1,4,Profound Publisher (publisher)
97,2019-06-05 07:12:00 +0000 UTC,edit_application,Edited application mtcars_wed1: no differences,4,Profound Publisher (publisher)
96,2019-06-05 07:12:00 +0000 UTC,add_image_to_app,Added image with MD5 ending in 'c7351bf05c' to app mtcars_wed1,4,Profound Publisher (publisher)
95,2019-06-05 07:07:00 +0000 UTC,edit_application,Edited application mtcars_wed1: access_type: acl => logged_in,4,Profound Publisher (publisher)
94,2019-06-05 07:06:00 +0000 UTC,deploy_application,Deployed bundle /var/lib/rstudio-connect/bundles/app-10-10.tar.gz to application mtcars_wed1,4,Profound Publisher (publisher)
93,2019-06-05 07:06:00 +0000 UTC,upload_bundle,Uploaded bundle for app mtcars_wed1 (103418 bytes),4,Profound Publisher (publisher)
92,2019-06-05 07:05:00 +0000 UTC,add_application,Created application mtcars_wed1,4,Profound Publisher (publisher)
91,2019-06-05 06:59:00 +0000 UTC,create_variant_manual_overrides,Created new overrides (c6b47237-65e9-4e0a-b592-0292753a4295) for variant 5 (Agro 18) for app 3,4,Profound Publisher (publisher)
90,2019-06-05 06:59:00 +0000 UTC,create_variant_manual_overrides,Created new overrides (d71d614b-6fb5-4134-a896-66b756653276) for variant 2 (default) for app 3,4,Profound Publisher (publisher)
89,2019-06-05 06:25:00 +0000 UTC,add_schedule,"Added schedule 1 for app 3 variant 9: {1 3 9 true true dayofmonth {""N"":1,""Day"":1} {2019-06-05 06:25:42.4 +0000 UTC true} {2019-07-01 06:25:42.4 +0000 UTC true}}",4,Profound Publisher (publisher)
88,2019-06-05 06:25:00 +0000 UTC,edit_variant,Edited variant 9 (cons_16) for app 3: no differences,4,Profound Publisher (publisher)
87,2019-06-05 06:24:00 +0000 UTC,promote_variant,"Promoted variant 8 (ChVHkVOL6c) for app 3 into variant 9 (cons_16): bundle_id: <nil> => 3, rendering_id: <nil> => 13, render_time: <nil> => 2019-06-05 06:24:16.091389854 +0000 UTC, render_duration: <nil> => 19917307339",4,Profound Publisher (publisher)
86,2019-06-05 06:24:00 +0000 UTC,promote_variant_manual_overrides,Promoted overrides (9) for variant 9 (cons_16) for app 3,4,Profound Publisher (publisher)
85,2019-06-05 06:24:00 +0000 UTC,duplicate_variant,Created variant 9 (cons_16) for app 3 as a duplicate of variant 2 (default),4,Profound Publisher (publisher)
84,2019-06-05 06:23:00 +0000 UTC,variant_render,Received a request to render variant 8 (ChVHkVOL6c) for app 3,4,Profound Publisher (publisher)
83,2019-06-05 06:23:00 +0000 UTC,promote_variant_manual_overrides,Promoted overrides (8) for variant 8 (ChVHkVOL6c) for app 3,4,Profound Publisher (publisher)
82,2019-06-05 06:23:00 +0000 UTC,duplicate_variant,Created variant 8 (ChVHkVOL6c) for app 3 as a duplicate of variant 2 (default),4,Profound Publisher (publisher)
81,2019-06-05 06:23:00 +0000 UTC,create_variant_manual_overrides,Created new overrides (65a5b823-69ec-43ae-b9df-393d6f880bb3) for variant 2 (default) for app 3,4,Profound Publisher (publisher)
80,2019-06-05 06:11:00 +0000 UTC,remove_application,Removed application zsunday2,4,Profound Publisher (publisher)
79,2019-06-05 06:10:00 +0000 UTC,remove_application,Removed application zz_mtcars_wed2,4,Profound Publisher (publisher)
78,2019-06-05 06:09:00 +0000 UTC,deploy_application,Deployed bundle /var/lib/rstudio-connect/bundles/app-9-9.tar.gz to application zz_mtcars_wed2,4,Profound Publisher (publisher)
77,2019-06-05 06:09:00 +0000 UTC,upload_bundle,Uploaded bundle for app zz_mtcars_wed2 (103444 bytes),4,Profound Publisher (publisher)
76,2019-06-05 06:09:00 +0000 UTC,add_application,Created application zz_mtcars_wed2,4,Profound Publisher (publisher)
75,2019-06-03 05:32:00 +0000 UTC,deploy_application,Deployed bundle /var/lib/rstudio-connect/bundles/app-8-8.tar.gz to application zsunday2,4,Profound Publisher (publisher)
74,2019-06-03 05:32:00 +0000 UTC,upload_bundle,Uploaded bundle for app zsunday2 (103567 bytes),4,Profound Publisher (publisher)
73,2019-06-03 05:32:00 +0000 UTC,add_application,Created application zsunday2,4,Profound Publisher (publisher)
72,2019-06-03 05:31:00 +0000 UTC,activate_token,Activated token Tf6dc4f2668a8406709fdcbd307de3343,4,Profound Publisher (publisher)
71,2019-06-02 05:21:00 +0000 UTC,variant_sender,Received a request to email variant 5 (Agro 18) for app 3,1,Ready RStudio (rstudio)
70,2019-06-02 05:21:00 +0000 UTC,assign_user_app_role,Assigned user Profound Publisher (publisher) role 'owner' in app 3,1,Ready RStudio (rstudio)
69,2019-06-02 05:08:00 +0000 UTC,create_variant_manual_overrides,Created new overrides (df3c715e-0cb3-4b78-9cf8-9747a339ed00) for variant 2 (default) for app 3,1,Ready RStudio (rstudio)
68,2019-06-02 05:08:00 +0000 UTC,promote_variant,"Promoted variant 4 (ccmlSCrDrT) for app 3 into variant 5 (Agro 18): bundle_id: <nil> => 3, rendering_id: <nil> => 7, render_time: <nil> => 2019-06-02 05:07:57.666317579 +0000 UTC, render_duration: <nil> => 12991610185",1,Ready RStudio (rstudio)
67,2019-06-02 05:08:00 +0000 UTC,promote_variant_manual_overrides,Promoted overrides (5) for variant 5 (Agro 18) for app 3,1,Ready RStudio (rstudio)
66,2019-06-02 05:08:00 +0000 UTC,duplicate_variant,Created variant 5 (Agro 18) for app 3 as a duplicate of variant 2 (default),1,Ready RStudio (rstudio)
65,2019-06-02 05:07:00 +0000 UTC,variant_render,Received a request to render variant 4 (ccmlSCrDrT) for app 3,1,Ready RStudio (rstudio)
64,2019-06-02 05:07:00 +0000 UTC,promote_variant_manual_overrides,Promoted overrides (4) for variant 4 (ccmlSCrDrT) for app 3,1,Ready RStudio (rstudio)
63,2019-06-02 05:07:00 +0000 UTC,duplicate_variant,Created variant 4 (ccmlSCrDrT) for app 3 as a duplicate of variant 2 (default),1,Ready RStudio (rstudio)
62,2019-06-02 05:07:00 +0000 UTC,create_variant_manual_overrides,Created new overrides (a970df59-5a61-4bfd-968a-2d8aec731b0f) for variant 2 (default) for app 3,1,Ready RStudio (rstudio)
61,2019-05-07 05:22:00 +0000 UTC,add_image_to_app,Added image with MD5 ending in '5ff0c49570' to app qcntqhxboftur,1,Ready RStudio (rstudio)
60,2019-05-07 05:22:00 +0000 UTC,add_vanity,Added vanity url /python/sentiment-analysis/ for app 7,1,Ready RStudio (rstudio)
59,2019-05-07 05:22:00 +0000 UTC,add_app_tag,Added tag Python for app 7,1,Ready RStudio (rstudio)
58,2019-05-07 05:22:00 +0000 UTC,edit_application,Edited application qcntqhxboftur: access_type: acl => all,1,Ready RStudio (rstudio)
57,2019-05-07 05:19:00 +0000 UTC,deploy_application,Deployed bundle /var/lib/rstudio-connect/bundles/app-7-7.tar.gz to application qcntqhxboftur,1,Ready RStudio (rstudio)
56,2019-05-07 05:19:00 +0000 UTC,upload_bundle,Uploaded bundle for app qcntqhxboftur (4857493 bytes),1,Ready RStudio (rstudio)
55,2019-05-07 05:19:00 +0000 UTC,add_application,Created application qcntqhxboftur,1,Ready RStudio (rstudio)
54,2019-05-07 05:19:00 +0000 UTC,add_image_to_app,Added image with MD5 ending in '4f5d3a9082' to app vijhawbhfqjfv,1,Ready RStudio (rstudio)
53,2019-05-07 05:19:00 +0000 UTC,add_vanity,Added vanity url /python/reticulate/ for app 6,1,Ready RStudio (rstudio)
52,2019-05-07 05:19:00 +0000 UTC,add_app_tag,Added tag Python for app 6,1,Ready RStudio (rstudio)
51,2019-05-07 05:19:00 +0000 UTC,add_tag_with_parent,Added tag Python with ID 4 as a child of 1,1,Ready RStudio (rstudio)
50,2019-05-07 05:19:00 +0000 UTC,edit_application,Edited application vijhawbhfqjfv: access_type: acl => all,1,Ready RStudio (rstudio)
49,2019-05-07 05:17:00 +0000 UTC,deploy_application,Deployed bundle /var/lib/rstudio-connect/bundles/app-6-6.tar.gz to application vijhawbhfqjfv,1,Ready RStudio (rstudio)
48,2019-05-07 05:17:00 +0000 UTC,upload_bundle,Uploaded bundle for app vijhawbhfqjfv (28086 bytes),1,Ready RStudio (rstudio)
47,2019-05-07 05:17:00 +0000 UTC,add_application,Created application vijhawbhfqjfv,1,Ready RStudio (rstudio)
46,2019-05-07 05:17:00 +0000 UTC,add_image_to_app,Added image with MD5 ending in '8964c14c58' to app fawypmikimohd,1,Ready RStudio (rstudio)
45,2019-05-07 05:17:00 +0000 UTC,add_vanity,Added vanity url /enterprise/ for app 5,1,Ready RStudio (rstudio)
44,2019-05-07 05:17:00 +0000 UTC,add_app_tag,Added tag Enterprise for app 5,1,Ready RStudio (rstudio)
43,2019-05-07 05:17:00 +0000 UTC,add_tag_with_parent,Added tag Enterprise with ID 3 as a child of 1,1,Ready RStudio (rstudio)
42,2019-05-07 05:17:00 +0000 UTC,edit_application,Edited application fawypmikimohd: access_type: acl => all,1,Ready RStudio (rstudio)
41,2019-05-07 05:16:00 +0000 UTC,deploy_application,Deployed bundle /var/lib/rstudio-connect/bundles/app-5-5.tar.gz to application fawypmikimohd,1,Ready RStudio (rstudio)
40,2019-05-07 05:16:00 +0000 UTC,upload_bundle,Uploaded bundle for app fawypmikimohd (35136 bytes),1,Ready RStudio (rstudio)
39,2019-05-07 05:16:00 +0000 UTC,add_application,Created application fawypmikimohd,1,Ready RStudio (rstudio)
38,2019-05-07 05:16:00 +0000 UTC,add_image_to_app,Added image with MD5 ending in '593c4a9c2c' to app nuvnzqscddnda,1,Ready RStudio (rstudio)
37,2019-05-07 05:16:00 +0000 UTC,add_vanity,Added vanity url /stock-portfolio/app/ for app 4,1,Ready RStudio (rstudio)
36,2019-05-07 05:16:00 +0000 UTC,add_app_tag,Added tag Stock Portfolio for app 4,1,Ready RStudio (rstudio)
35,2019-05-07 05:16:00 +0000 UTC,edit_application,Edited application nuvnzqscddnda: access_type: acl => all,1,Ready RStudio (rstudio)
34,2019-05-07 05:15:00 +0000 UTC,deploy_application,Deployed bundle /var/lib/rstudio-connect/bundles/app-4-4.tar.gz to application nuvnzqscddnda,1,Ready RStudio (rstudio)
33,2019-05-07 05:15:00 +0000 UTC,upload_bundle,Uploaded bundle for app nuvnzqscddnda (63854 bytes),1,Ready RStudio (rstudio)
32,2019-05-07 05:15:00 +0000 UTC,add_application,Created application nuvnzqscddnda,1,Ready RStudio (rstudio)
31,2019-05-07 05:15:00 +0000 UTC,variant_sender,Received a request to email variant 2 (default) for app 3,1,Ready RStudio (rstudio)
30,2019-05-07 05:15:00 +0000 UTC,add_image_to_app,Added image with MD5 ending in '1790ebff11' to app fixsaqmrviltk,1,Ready RStudio (rstudio)
29,2019-05-07 05:15:00 +0000 UTC,add_vanity,Added vanity url /stock-portfolio/report/ for app 3,1,Ready RStudio (rstudio)
28,2019-05-07 05:15:00 +0000 UTC,add_app_tag,Added tag Stock Portfolio for app 3,1,Ready RStudio (rstudio)
27,2019-05-07 05:15:00 +0000 UTC,edit_application,Edited application fixsaqmrviltk: access_type: acl => all,1,Ready RStudio (rstudio)
26,2019-05-07 05:14:00 +0000 UTC,deploy_application,Deployed bundle /var/lib/rstudio-connect/bundles/app-3-3.tar.gz to application fixsaqmrviltk,1,Ready RStudio (rstudio)
25,2019-05-07 05:14:00 +0000 UTC,upload_bundle,Uploaded bundle for app fixsaqmrviltk (65950 bytes),1,Ready RStudio (rstudio)
24,2019-05-07 05:14:00 +0000 UTC,add_application,Created application fixsaqmrviltk,1,Ready RStudio (rstudio)
23,2019-05-07 05:14:00 +0000 UTC,variant_sender,Received a request to email variant 1 (default) for app 2,1,Ready RStudio (rstudio)
22,2019-05-07 05:14:00 +0000 UTC,add_image_to_app,Added image with MD5 ending in '60aeffdeac' to app ryhrodysruyxx,1,Ready RStudio (rstudio)
21,2019-05-07 05:14:00 +0000 UTC,add_vanity,Added vanity url /stock-portfolio/report-ppt-pdf/ for app 2,1,Ready RStudio (rstudio)
20,2019-05-07 05:14:00 +0000 UTC,add_app_tag,Added tag Stock Portfolio for app 2,1,Ready RStudio (rstudio)
19,2019-05-07 05:14:00 +0000 UTC,edit_application,Edited application ryhrodysruyxx: access_type: acl => all,1,Ready RStudio (rstudio)
18,2019-05-07 04:38:00 +0000 UTC,deploy_application,Deployed bundle /var/lib/rstudio-connect/bundles/app-2-2.tar.gz to application ryhrodysruyxx,1,Ready RStudio (rstudio)
17,2019-05-07 04:38:00 +0000 UTC,upload_bundle,Uploaded bundle for app ryhrodysruyxx (875867 bytes),1,Ready RStudio (rstudio)
16,2019-05-07 04:38:00 +0000 UTC,add_application,Created application ryhrodysruyxx,1,Ready RStudio (rstudio)
15,2019-05-07 04:38:00 +0000 UTC,add_image_to_app,Added image with MD5 ending in '36d8b42ff7' to app dawomxgpfiagh,1,Ready RStudio (rstudio)
14,2019-05-07 04:38:00 +0000 UTC,add_vanity,Added vanity url /stock-portfolio/api/ for app 1,1,Ready RStudio (rstudio)
13,2019-05-07 04:38:00 +0000 UTC,add_app_tag,Added tag Stock Portfolio for app 1,1,Ready RStudio (rstudio)
12,2019-05-07 04:38:00 +0000 UTC,add_tag_with_parent,Added tag Stock Portfolio with ID 2 as a child of 1,1,Ready RStudio (rstudio)
11,2019-05-07 04:38:00 +0000 UTC,add_tag,Added tag category Demo Content with ID 1,1,Ready RStudio (rstudio)
10,2019-05-07 04:38:00 +0000 UTC,edit_application,Edited application dawomxgpfiagh: access_type: acl => all,1,Ready RStudio (rstudio)
9,2019-05-07 04:14:00 +0000 UTC,deploy_application,Deployed bundle /var/lib/rstudio-connect/bundles/app-1-1.tar.gz to application dawomxgpfiagh,1,Ready RStudio (rstudio)
8,2019-05-07 04:14:00 +0000 UTC,upload_bundle,Uploaded bundle for app dawomxgpfiagh (18287 bytes),1,Ready RStudio (rstudio)
7,2019-05-07 04:14:00 +0000 UTC,add_application,Created application dawomxgpfiagh,1,Ready RStudio (rstudio)
6,2019-05-07 04:14:00 +0000 UTC,add_user,Added user Profound Publisher (publisher),1,Ready RStudio (rstudio)
5,2019-05-07 04:14:00 +0000 UTC,add_user,Added user Visible Viewer (viewer),1,Ready RStudio (rstudio)
4,2019-05-07 04:14:00 +0000 UTC,add_user,Added user Awesome Admin (admin),1,Ready RStudio (rstudio)
3,2019-05-07 04:14:00 +0000 UTC,add_api_key,Added API key quickstart-key with ID 1 and owner 1,1,Ready RStudio (rstudio)
2,2019-05-07 04:14:00 +0000 UTC,edit_user,"Edited user Ready RStudio (rstudio): email:  => rstudio@example.com, first_name:  => Ready, last_name:  => RStudio, updated_time: 2019-05-07 04:14:44.288751986 +0000 UTC => 2019-05-07 04:14:44.402294177 +0000 UTC",1,Ready RStudio (rstudio)
1,2019-05-07 04:14:00 +0000 UTC,add_user,Added user   (rstudio),1,"  (rstudio)"
